epoch,step,train_kl_div,train_loss,train_recon_cat,train_recon_cont,val_kl_div,val_loss,val_recon_cat,val_recon_cont
0,0,3.6449151039123535,1.9559767246246338,0.6943261623382568,1.0794048309326172,,,,
0,1,3.6979682445526123,2.4769444465637207,0.6943681240081787,1.5976780652999878,,,,
0,2,3.4539551734924316,2.3961856365203857,0.6911706924438477,1.5323171615600586,,,,
0,3,3.129441261291504,1.8781050443649292,0.6891383528709412,1.0324946641921997,,,,
0,4,2.8695108890533447,1.6791942119598389,0.6921620965003967,0.8435566425323486,,,,
0,5,2.8693623542785645,1.9469434022903442,0.6927481889724731,1.110727071762085,,,,
0,6,2.7656712532043457,1.9004569053649902,0.6927449703216553,1.0694283246994019,,,,
0,7,2.6927297115325928,2.101566791534424,0.69310462474823,1.2738256454467773,,,,
0,8,2.703719139099121,2.646235942840576,0.6946105360984802,1.8164393901824951,,,,
0,9,2.596999168395996,2.5572524070739746,0.6917812824249268,1.7356213331222534,,,,
0,10,2.437410354614258,1.8512704372406006,0.6913895606994629,1.0380103588104248,,,,
0,11,2.3596415519714355,1.5798331499099731,0.6896141171455383,0.7722370624542236,,,,
0,12,2.2858147621154785,2.125917434692383,0.6926224231719971,1.3190044164657593,,,,
0,13,2.1846272945404053,1.531990885734558,0.6876159906387329,0.7351434826850891,,,,
0,14,0.8348684310913086,1.742165446281433,0.6900405883789062,1.0103814601898193,,,,
0,14,,,,,1.7516814470291138,1.7275127172470093,0.6875457167625427,0.9523829817771912
1,15,2.0845260620117188,1.7728359699249268,0.6927458047866821,0.9758638143539429,,,,
1,16,1.9916836023330688,1.7622984647750854,0.6939464211463928,0.9687677621841431,,,,
1,17,1.9925262928009033,1.9016947746276855,0.6925972104072571,1.109471321105957,,,,
1,18,1.8830331563949585,1.7958403825759888,0.690125584602356,1.0115631818771362,,,,
1,19,1.8895184993743896,1.5905938148498535,0.6939123868942261,0.8022054433822632,,,,
1,20,1.843881607055664,1.6683192253112793,0.6922227144241333,0.8839024901390076,,,,
1,21,1.75649094581604,1.9206041097640991,0.6935536861419678,1.1392258405685425,,,,
1,22,1.625519037246704,1.8230611085891724,0.6965775489807129,1.0452076196670532,,,,
1,23,1.7012121677398682,1.9363919496536255,0.6867798566818237,1.1645514965057373,,,,
1,24,1.6143091917037964,2.125800848007202,0.6955326199531555,1.3495527505874634,,,,
1,25,1.6675255298614502,1.4618538618087769,0.6906373500823975,0.6878402829170227,,,,
1,26,1.4666498899459839,1.6969714164733887,0.6899434924125671,0.9336954355239868,,,,
1,27,1.4104608297348022,1.9722013473510742,0.6975300908088684,1.2041481733322144,,,,
1,28,1.4302444458007812,2.644101619720459,0.7008551359176636,1.8717342615127563,,,,
1,29,0.5671335458755493,1.5271693468093872,0.6849908232688904,0.8138219118118286,,,,
1,29,,,,,1.1740225553512573,1.701846718788147,0.6880165338516235,0.9551289677619934
2,30,1.3302279710769653,1.7291839122772217,0.6956956386566162,0.9669769406318665,,,,
2,31,1.3196347951889038,1.909969449043274,0.689087986946106,1.1548997163772583,,,,
2,32,1.3648343086242676,1.7725294828414917,0.6931946277618408,1.0110931396484375,,,,
2,33,1.2675864696502686,1.7177402973175049,0.6948950290679932,0.9594659805297852,,,,
2,34,1.1903120279312134,1.952806830406189,0.6879916787147522,1.2052996158599854,,,,
2,35,1.275139331817627,2.337246894836426,0.691077709197998,1.5824123620986938,,,,
2,36,1.1899726390838623,1.5919617414474487,0.6931514739990234,0.8393116593360901,,,,
2,37,1.103400707244873,1.9091464281082153,0.6929264068603516,1.1610499620437622,,,,
2,38,1.071765661239624,1.9125827550888062,0.6959496140480042,1.163044810295105,,,,
2,39,1.1814308166503906,2.5055289268493652,0.6955957412719727,1.7508615255355835,,,,
2,40,1.089992880821228,1.9375629425048828,0.6893435120582581,1.193719744682312,,,,
2,41,1.058166265487671,1.648436427116394,0.6940006613731384,0.901527464389801,,,,
2,42,0.9586615562438965,1.5259342193603516,0.6882190704345703,0.7897821068763733,,,,
2,43,0.9612468481063843,2.0833356380462646,0.6943594217300415,1.3409138917922974,,,,
2,44,0.42040035128593445,1.274527668952942,0.6903875470161438,0.5631201267242432,,,,
2,44,,,,,0.781593918800354,1.696312665939331,0.6953210234642029,0.9619119167327881
3,45,0.964668869972229,1.6145483255386353,0.6938388347625732,0.8724761009216309,,,,
3,46,0.9166537523269653,1.7778271436691284,0.6907029151916504,1.04129159450531,,,,
3,47,0.8550549745559692,1.7147011756896973,0.6842229962348938,0.9877254962921143,,,,
3,48,0.815604567527771,1.8406667709350586,0.6891968250274658,1.1106897592544556,,,,
3,49,0.7611145377159119,1.5424729585647583,0.6948039531707764,0.8096131682395935,,,,
3,50,0.8172082901000977,1.4853671789169312,0.6944252252578735,0.7500815391540527,,,,
3,51,0.7785757184028625,1.493628740310669,0.6912007331848145,0.7634993195533752,,,,
3,52,0.6885590553283691,1.6040552854537964,0.6915791034698486,0.8780481219291687,,,,
3,53,0.7006877064704895,1.760535478591919,0.6893179416656494,1.0361831188201904,,,,
3,54,0.6593496799468994,1.606942057609558,0.6963022947311401,0.8776722550392151,,,,
3,55,0.608988881111145,1.614166021347046,0.689523458480835,0.894193172454834,,,,
3,56,0.6315039396286011,1.8753612041473389,0.6925903558731079,1.1511956453323364,,,,
3,57,0.5687355399131775,1.7334038019180298,0.6973614692687988,1.0076055526733398,,,,
3,58,0.6033784747123718,1.5888636112213135,0.70304274559021,0.8556519746780396,,,,
3,59,0.23691627383232117,1.7830777168273926,0.6869832873344421,1.084248661994934,,,,
3,59,,,,,0.4875890016555786,1.6788347959518433,0.6925148963928223,0.9619404077529907
4,60,0.5589624643325806,1.609757900238037,0.6946642398834229,0.8871455192565918,,,,
4,61,0.6644848585128784,1.9269371032714844,0.6913789510726929,1.202333927154541,,,,
4,62,0.48380765318870544,1.4264791011810303,0.6972277164459229,0.7050610184669495,,,,
4,63,0.4788318872451782,2.049020528793335,0.6972225308418274,1.3278565406799316,,,,
4,64,0.46992605924606323,1.703119158744812,0.6963164806365967,0.9833064079284668,,,,
4,65,0.5578619241714478,1.805507779121399,0.695601224899292,1.082013487815857,,,,
4,66,0.4143943786621094,1.4840233325958252,0.6987748146057129,0.7645288109779358,,,,
4,67,0.5508182048797607,1.8407442569732666,0.6864168643951416,1.126786470413208,,,,
4,68,0.39757290482521057,1.5843241214752197,0.691820502281189,0.872624933719635,,,,
4,69,0.3852570056915283,1.9188487529754639,0.6915580630302429,1.208027958869934,,,,
4,70,0.44645413756370544,2.1115684509277344,0.6935513019561768,1.3956944942474365,,,,
4,71,0.42273828387260437,2.1899139881134033,0.6904369592666626,1.4783400297164917,,,,
4,72,0.437076598405838,1.868216633796692,0.6956321001052856,1.1507307291030884,,,,
4,73,0.41043516993522644,1.8892854452133179,0.6904268860816956,1.1783368587493896,,,,
4,74,0.1505626142024994,2.1722936630249023,0.6926687359809875,1.4720969200134277,,,,
4,74,,,,,0.317933589220047,1.6671017408370972,0.6899877786636353,0.9612172245979309
5,75,0.4024028182029724,1.980454683303833,0.6970893144607544,1.2632452249526978,,,,
5,76,0.3233792185783386,1.8820714950561523,0.6927319765090942,1.173170566558838,,,,
5,77,0.4854249358177185,2.2773849964141846,0.6932172179222107,1.5598965883255005,,,,
5,78,0.3948315978050232,1.7185688018798828,0.691674530506134,1.007152795791626,,,,
5,79,0.2574032247066498,1.6772433519363403,0.693528413772583,0.9708446860313416,,,,
5,80,0.3013707399368286,1.9275634288787842,0.6888467073440552,1.223648190498352,,,,
5,81,0.2929835617542267,1.740824580192566,0.6904855966567993,1.0356898307800293,,,,
5,82,0.2388940453529358,1.7144619226455688,0.6943806409835815,1.0081366300582886,,,,
5,83,0.3316718339920044,1.953288197517395,0.6918731331825256,1.2448315620422363,,,,
5,84,0.3009944558143616,1.8161673545837402,0.6982746720314026,1.1028430461883545,,,,
5,85,0.2418295443058014,1.6094249486923218,0.6984472274780273,0.8988862037658691,,,,
5,86,0.33242475986480713,2.071781635284424,0.6936100125312805,1.361550211906433,,,,
5,87,0.3434009850025177,1.9244533777236938,0.6911759972572327,1.2161072492599487,,,,
5,88,0.27634426951408386,1.4244767427444458,0.6938613057136536,0.7167981863021851,,,,
5,89,0.08083313703536987,1.8818464279174805,0.693482518196106,1.1843222379684448,,,,
5,89,,,,,0.25020551681518555,1.66362464427948,0.6864908933639526,0.9646233916282654
6,90,0.27885574102401733,2.1839699745178223,0.7009122371673584,1.4691150188446045,,,,
6,91,0.2723841667175293,1.5883805751800537,0.6908787488937378,0.8838825821876526,,,,
6,92,0.24278753995895386,1.663473129272461,0.697301983833313,0.954031765460968,,,,
6,93,0.21045291423797607,1.756995677947998,0.6930946707725525,1.0533783435821533,,,,
6,94,0.2470887303352356,1.7157881259918213,0.6941177845001221,1.009315848350525,,,,
6,95,0.33288952708244324,2.7156496047973633,0.685966968536377,2.013038158416748,,,,
6,96,0.3037588596343994,1.8707993030548096,0.6882386803627014,1.1673725843429565,,,,
6,97,0.24834051728248596,1.607397437095642,0.6913197040557861,0.9036606550216675,,,,
6,98,0.2695448696613312,2.2054443359375,0.6942473649978638,1.497719645500183,,,,
6,99,0.21544456481933594,1.979698896408081,0.69376540184021,1.2751612663269043,,,,
6,100,0.19439393281936646,1.572104573249817,0.6890937685966492,0.8732910752296448,,,,
6,101,0.21292170882225037,1.543582797050476,0.6935591697692871,0.8393775224685669,,,,
6,102,0.1921566128730774,1.5379749536514282,0.691785454750061,0.8365817070007324,,,,
6,103,0.20081868767738342,1.9488879442214966,0.697902262210846,1.240944743156433,,,,
6,104,0.10159221291542053,1.4736841917037964,0.6895623803138733,0.7790421843528748,,,,
6,104,,,,,0.20232075452804565,1.6621215343475342,0.6872100830078125,0.9647952914237976
7,105,0.18735942244529724,1.5968122482299805,0.6915067434310913,0.8959375023841858,,,,
7,106,0.2722093462944031,2.0839524269104004,0.6864439249038696,1.3838980197906494,,,,
7,107,0.19879990816116333,1.7067937850952148,0.6898553371429443,1.0069984197616577,,,,
7,108,0.2328762710094452,1.652780532836914,0.6960378289222717,0.9450989365577698,,,,
7,109,0.19827747344970703,1.9154101610183716,0.6983202695846558,1.2071759700775146,,,,
7,110,0.2432401180267334,2.5586040019989014,0.691299557685852,1.855142593383789,,,,
7,111,0.1565694510936737,1.4810833930969238,0.6919417381286621,0.7813131213188171,,,,
7,112,0.16031238436698914,1.4036500453948975,0.6849574446678162,0.710676908493042,,,,
7,113,0.20456230640411377,1.8357081413269043,0.6968873143196106,1.1285927295684814,,,,
7,114,0.2050914764404297,1.563215970993042,0.6937729716300964,0.8591883182525635,,,,
7,115,0.23201057314872742,2.1964101791381836,0.6894915103912354,1.4953181743621826,,,,
7,116,0.10956421494483948,1.410401463508606,0.6961801052093506,0.7087430953979492,,,,
7,117,0.1683918535709381,1.7388261556625366,0.682763934135437,1.0476425886154175,,,,
7,118,0.1809285581111908,1.5318776369094849,0.6965941786766052,0.8262370824813843,,,,
7,119,0.05222025513648987,1.3816121816635132,0.6901688575744629,0.6888322830200195,,,,
7,119,,,,,0.17362897098064423,1.6667256355285645,0.6905257105827332,0.9675184488296509
8,120,0.17891749739646912,1.9331446886062622,0.6981635093688965,1.2260353565216064,,,,
8,121,0.18000686168670654,1.8744127750396729,0.695893406867981,1.169519066810608,,,,
8,122,0.21771594882011414,1.5308785438537598,0.6924946904182434,0.8274980187416077,,,,
8,123,0.23734641075134277,2.3274834156036377,0.6883230209350586,1.6272932291030884,,,,
8,124,0.113019198179245,1.474050521850586,0.6924504637718201,0.7759490013122559,,,,
8,125,0.1654748022556305,1.8454939126968384,0.6941831111907959,1.1430370807647705,,,,
8,126,0.17559492588043213,1.730638027191162,0.6903266310691833,1.031531572341919,,,,
8,127,0.21068164706230164,2.3796136379241943,0.7026127576828003,1.6664668321609497,,,,
8,128,0.17029103636741638,1.391320824623108,0.6893797516822815,0.6934265494346619,,,,
8,129,0.17615675926208496,2.3104898929595947,0.6980317831039429,1.6036502122879028,,,,
8,130,0.1819770336151123,2.014767646789551,0.6930580735206604,1.3126108646392822,,,,
8,131,0.14301908016204834,2.0414865016937256,0.6942377686500549,1.3400977849960327,,,,
8,132,0.1658691167831421,2.2013161182403564,0.6936498284339905,1.499372959136963,,,,
8,133,0.15617898106575012,1.4498517513275146,0.6872950792312622,0.7547478079795837,,,,
8,134,0.0711280107498169,1.5934869050979614,0.6865920424461365,0.9033384919166565,,,,
8,134,,,,,0.1580774486064911,1.6623879671096802,0.6801396012306213,0.9743444323539734
9,135,0.16062316298484802,1.4918687343597412,0.6965562105178833,0.7872814536094666,,,,
9,136,0.12660768628120422,1.6770819425582886,0.6908828616142273,0.9798687696456909,,,,
9,137,0.16046205163002014,1.6033284664154053,0.6910896301269531,0.9042156934738159,,,,
9,138,0.1201687753200531,1.7715766429901123,0.6989054679870605,1.0666627883911133,,,,
9,139,0.18069559335708618,1.8325906991958618,0.6904656887054443,1.1330902576446533,,,,
9,140,0.14349037408828735,2.0986828804016113,0.6939576864242554,1.3975505828857422,,,,
9,141,0.12263834476470947,1.6608623266220093,0.6820422410964966,0.9726881980895996,,,,
9,142,0.1488255262374878,2.275761365890503,0.6911675930023193,1.5771523714065552,,,,
9,143,0.17304933071136475,1.4470772743225098,0.6877290606498718,0.7506957054138184,,,,
9,144,0.13588255643844604,2.096135139465332,0.693588376045227,1.3957525491714478,,,,
9,145,0.13755884766578674,1.8529542684555054,0.7071901559829712,1.1388862133026123,,,,
9,146,0.13888490200042725,1.8256375789642334,0.6890740394592285,1.1296192407608032,,,,
9,147,0.1687769889831543,1.559205412864685,0.6960813999176025,0.8546851873397827,,,,
9,148,0.17329242825508118,1.7888668775558472,0.6886609792709351,1.0915412902832031,,,,
9,149,0.03934144973754883,1.7050806283950806,0.7062702178955078,0.9968433976173401,,,,
9,149,,,,,0.14507831633090973,1.666624665260315,0.6819712519645691,0.9773995876312256
10,150,0.1802724301815033,2.421220064163208,0.6947922706604004,1.717414140701294,,,,
10,151,0.11945152282714844,1.5076251029968262,0.6926519870758057,0.8090004920959473,,,,
10,152,0.09504717588424683,1.8714618682861328,0.6854290962219238,1.1812803745269775,,,,
10,153,0.14927393198013306,1.6571593284606934,0.7051304578781128,0.9445651173591614,,,,
10,154,0.11510711908340454,1.622119426727295,0.6864161491394043,0.9299479722976685,,,,
10,155,0.13296374678611755,1.8402103185653687,0.7001597881317139,1.1334023475646973,,,,
10,156,0.13953280448913574,2.306614875793457,0.6998289227485657,1.5998092889785767,,,,
10,157,0.1592365801334381,2.00370454788208,0.7037338018417358,1.2920089960098267,,,,
10,158,0.10502523183822632,1.7659907341003418,0.6955263614654541,1.0652130842208862,,,,
10,159,0.13369017839431763,1.945143222808838,0.6973633766174316,1.2410953044891357,,,,
10,160,0.11385244131088257,1.5963493585586548,0.6891819834709167,0.9014747738838196,,,,
10,161,0.1641691029071808,2.5680058002471924,0.6909568309783936,1.8688403367996216,,,,
10,162,0.14313185214996338,1.7429084777832031,0.7010588049888611,1.0346930027008057,,,,
10,163,0.11471152305603027,1.8614139556884766,0.6941002607345581,1.1615781784057617,,,,
10,164,0.0388159453868866,1.2332781553268433,0.6739901304244995,0.5573472380638123,,,,
10,164,,,,,0.13397566974163055,1.6664568185806274,0.6857008337974548,0.9740571975708008
11,165,0.14586037397384644,2.045321464538574,0.6988370418548584,1.3391914367675781,,,,
11,166,0.13012686371803284,1.8257368803024292,0.6892270445823669,1.1300034523010254,,,,
11,167,0.10663950443267822,1.7886041402816772,0.6842714548110962,1.0990006923675537,,,,
11,168,0.1243966817855835,1.4847333431243896,0.6949741840362549,0.7835392355918884,,,,
11,169,0.19618067145347595,1.4727883338928223,0.6899737119674683,0.7730056047439575,,,,
11,170,0.11195045709609985,1.549939751625061,0.6877506375312805,0.8565917015075684,,,,
11,171,0.1277470588684082,1.5556894540786743,0.694385290145874,0.8549167513847351,,,,
11,172,0.13941386342048645,2.0827863216400146,0.696430504322052,1.3793851137161255,,,,
11,173,0.11982110142707825,2.0752182006835938,0.7013334631919861,1.3678936958312988,,,,
11,174,0.11490705609321594,1.5324597358703613,0.681775689125061,0.8449385762214661,,,,
11,175,0.08676040172576904,1.6077402830123901,0.6980994343757629,0.9053028225898743,,,,
11,176,0.12337803840637207,1.564446210861206,0.6941148042678833,0.8641626238822937,,,,
11,177,0.10670784115791321,1.9559766054153442,0.6885288953781128,1.2621122598648071,,,,
11,178,0.10860702395439148,1.9137470722198486,0.6998709440231323,1.2084457874298096,,,,
11,179,0.04559013247489929,1.919708013534546,0.6988298296928406,1.2185986042022705,,,,
11,179,,,,,0.12442967295646667,1.6658118963241577,0.6864685416221619,0.9731219410896301
12,180,0.11692538857460022,1.9200332164764404,0.6919810771942139,1.2222058773040771,,,,
12,181,0.09183108806610107,1.4836639165878296,0.6904422640800476,0.7886300683021545,,,,
12,182,0.15763819217681885,1.9268617630004883,0.6906716823577881,1.2283082008361816,,,,
12,183,0.12880036234855652,1.8443595170974731,0.7000587582588196,1.137860655784607,,,,
12,184,0.1286647915840149,1.6266698837280273,0.6910867094993591,0.9291499257087708,,,,
12,185,0.10197034478187561,1.782225251197815,0.702751874923706,1.0743749141693115,,,,
12,186,0.14176765084266663,2.019705057144165,0.6984057426452637,1.3142108917236328,,,,
12,187,0.11953431367874146,2.5729751586914062,0.6901637315750122,1.8768346309661865,,,,
12,188,0.09427204728126526,2.019488573074341,0.6994414329528809,1.315333604812622,,,,
12,189,0.09521466493606567,2.072035312652588,0.6966947317123413,1.3705798387527466,,,,
12,190,0.09184437990188599,1.8209071159362793,0.6955063343048096,1.1208086013793945,,,,
12,191,0.10132846236228943,1.7952286005020142,0.69921875,1.090943455696106,,,,
12,192,0.1065203845500946,1.4296717643737793,0.685049295425415,0.7392963767051697,,,,
12,193,0.0928998589515686,1.541344404220581,0.6889252066612244,0.8477742075920105,,,,
12,194,0.0489804744720459,1.952067255973816,0.6845060586929321,1.2651121616363525,,,,
12,194,,,,,0.11473529785871506,1.666479229927063,0.6836472153663635,0.9770951867103577
13,195,0.09667035937309265,1.5380942821502686,0.7029492855072021,0.8303114771842957,,,,
13,196,0.0824485719203949,1.747063398361206,0.6954232454299927,1.0475177764892578,,,,
13,197,0.12107852101325989,1.7503528594970703,0.6930590867996216,1.0512398481369019,,,,
13,198,0.10822835564613342,1.7082632780075073,0.6963298320770264,1.0065220594406128,,,,
13,199,0.11153143644332886,1.6521337032318115,0.7006324529647827,0.945924699306488,,,,
13,200,0.10514560341835022,1.6928002834320068,0.69282066822052,0.9947223663330078,,,,
13,201,0.09258970618247986,1.5751174688339233,0.6893010139465332,0.8811870217323303,,,,
13,202,0.1102803647518158,1.7510204315185547,0.6988687515258789,1.0466376543045044,,,,
13,203,0.10690438747406006,1.6648133993148804,0.698338508605957,0.9611297249794006,,,,
13,204,0.0884908139705658,1.6473233699798584,0.6927747130393982,0.9501240253448486,,,,
13,205,0.10719802975654602,2.0020477771759033,0.6926491260528564,1.304038643836975,,,,
13,206,0.11045858263969421,1.9130080938339233,0.6932791471481323,1.2142059803009033,,,,
13,207,0.08310911059379578,1.6156504154205322,0.6956958770751953,0.9157991409301758,,,,
13,208,0.10069620609283447,1.4216123819351196,0.6951911449432373,0.7213863730430603,,,,
13,209,0.037625521421432495,1.4528629779815674,0.682355523109436,0.7686262130737305,,,,
13,209,,,,,0.10725538432598114,1.6705491542816162,0.6878635287284851,0.9773228764533997
14,210,0.08542591333389282,1.6280577182769775,0.6952105760574341,0.9285759329795837,,,,
14,211,0.08714309334754944,1.7277332544326782,0.6956567764282227,1.0277193784713745,,,,
14,212,0.07613596320152283,1.6342610120773315,0.6904201507568359,0.940034031867981,,,,
14,213,0.11208423972129822,1.788156270980835,0.695047914981842,1.0875041484832764,,,,
14,214,0.09220197796821594,1.6998670101165771,0.6957812309265137,0.9994757175445557,,,,
14,215,0.057513296604156494,1.4330652952194214,0.6922017335891724,0.7379879355430603,,,,
14,216,0.08836182951927185,1.9394054412841797,0.7017632126808167,1.2332240343093872,,,,
14,217,0.10869660973548889,1.711635947227478,0.6946515440940857,1.0115495920181274,,,,
14,218,0.09602141380310059,1.8291058540344238,0.6971114277839661,1.1271934509277344,,,,
14,219,0.08327871561050415,1.598096489906311,0.6866118907928467,0.9073206186294556,,,,
14,220,0.1141158938407898,1.7536137104034424,0.6971672177314758,1.0507405996322632,,,,
14,221,0.10400328040122986,1.5618188381195068,0.6955617666244507,0.861056923866272,,,,
14,222,0.07314908504486084,1.830397367477417,0.6892993450164795,1.13744056224823,,,,
14,223,0.07331958413124084,1.9368468523025513,0.6899776458740234,1.2432032823562622,,,,
14,224,0.04955515265464783,1.6114355325698853,0.6950321197509766,0.9139255881309509,,,,
14,224,,,,,0.10116679966449738,1.675291657447815,0.6942198276519775,0.9760134816169739
15,225,0.08849933743476868,1.8026694059371948,0.6901468634605408,1.1080976724624634,,,,
15,226,0.052981436252593994,1.5561535358428955,0.6923275589942932,0.8611768484115601,,,,
15,227,0.10589057207107544,2.5760245323181152,0.69675213098526,1.873977780342102,,,,
15,228,0.0673491358757019,1.6615666151046753,0.6880159378051758,0.970183253288269,,,,
15,229,0.12306302785873413,1.9413096904754639,0.6862022280693054,1.2489542961120605,,,,
15,230,0.07998129725456238,2.1003997325897217,0.6956106424331665,1.4007899761199951,,,,
15,231,0.07461899518966675,2.2797884941101074,0.6864205002784729,1.5896369218826294,,,,
15,232,0.0710325539112091,1.6875901222229004,0.6895811557769775,0.9944573640823364,,,,
15,233,0.06985324621200562,1.4831568002700806,0.6985894441604614,0.7810747027397156,,,,
15,234,0.07964509725570679,1.6833757162094116,0.693598210811615,0.9857951998710632,,,,
15,235,0.07528156042098999,1.8287627696990967,0.6967290639877319,1.1282696723937988,,,,
15,236,0.08648315072059631,1.7576085329055786,0.6941189765930176,1.059165358543396,,,,
15,237,0.08253517746925354,1.8722188472747803,0.6907943487167358,1.1772977113723755,,,,
15,238,0.08891692757606506,1.819960594177246,0.6956623792648315,1.1198524236679077,,,,
15,239,0.04558447003364563,2.4273948669433594,0.7024912238121033,1.72262442111969,,,,
15,239,,,,,0.09658794850111008,1.6769137382507324,0.691080629825592,0.9810037016868591
16,240,0.0804806649684906,1.5047160387039185,0.691737711429596,0.8089542984962463,,,,
16,241,0.08544212579727173,1.723858118057251,0.6943060159683228,1.0252799987792969,,,,
16,242,0.07838883996009827,2.0138890743255615,0.6925792694091797,1.3173904418945312,,,,
16,243,0.06341555714607239,1.8416743278503418,0.6856890916824341,1.152814507484436,,,,
16,244,0.0642845630645752,1.7157478332519531,0.6989463567733765,1.013587236404419,,,,
16,245,0.10010349750518799,2.1922762393951416,0.6951463222503662,1.4921247959136963,,,,
16,246,0.07153522968292236,1.71755051612854,0.6958446502685547,1.0181291103363037,,,,
16,247,0.09037426114082336,2.0954723358154297,0.6930602788925171,1.3978933095932007,,,,
16,248,0.10097235441207886,1.8214396238327026,0.7001152038574219,1.1162757873535156,,,,
16,249,0.1002565324306488,2.17207932472229,0.6920307278633118,1.4750359058380127,,,,
16,250,0.07248088717460632,1.5126762390136719,0.6927782893180847,0.8162738680839539,,,,
16,251,0.0897580087184906,2.100170850753784,0.6920135617256165,1.4036693572998047,,,,
16,252,0.06700819730758667,1.874665379524231,0.6932157874107361,1.1780991554260254,,,,
16,253,0.10366982221603394,1.8338464498519897,0.6981732845306396,1.130489706993103,,,,
16,254,0.03136900067329407,2.16706919670105,0.6972546577453613,1.4682459831237793,,,,
16,254,,,,,0.0939827710390091,1.6819201707839966,0.6917331218719482,0.9854878187179565
17,255,0.06478458642959595,1.7861617803573608,0.6914495825767517,1.0914729833602905,,,,
17,256,0.08571675419807434,2.0571279525756836,0.6938321590423584,1.359009861946106,,,,
17,257,0.08360648155212402,1.6528445482254028,0.6965802907943726,0.952083945274353,,,,
17,258,0.09721401333808899,1.891890525817871,0.6971054077148438,1.1899243593215942,,,,
17,259,0.07040870189666748,1.8420425653457642,0.6969517469406128,1.1415703296661377,,,,
17,260,0.09061536192893982,1.7335915565490723,0.6926270723342896,1.0364336967468262,,,,
17,261,0.06895947456359863,1.7585736513137817,0.6931271553039551,1.0619984865188599,,,,
17,262,0.09005266427993774,1.6170903444290161,0.698036789894104,0.9145509600639343,,,,
17,263,0.08966875076293945,2.155791759490967,0.6902891397476196,1.4610191583633423,,,,
17,264,0.05395856499671936,1.6675159931182861,0.6877044439315796,0.9771135449409485,,,,
17,265,0.07077950239181519,1.4406336545944214,0.6923654079437256,0.744729220867157,,,,
17,266,0.05935940146446228,2.010904550552368,0.6952327489852905,1.3127037286758423,,,,
17,267,0.07333776354789734,2.2031006813049316,0.6988918781280518,1.5005419254302979,,,,
17,268,0.07105222344398499,1.6789056062698364,0.6886516809463501,0.9867013096809387,,,,
17,269,0.0354444682598114,1.4794824123382568,0.6863166689872742,0.7913935780525208,,,,
17,269,,,,,0.09018957614898682,1.677657127380371,0.6919199824333191,0.9812278151512146
18,270,0.08734190464019775,1.7151271104812622,0.6953885555267334,1.0153714418411255,,,,
18,271,0.07558417320251465,1.4512925148010254,0.6904863119125366,0.7570269703865051,,,,
18,272,0.06915795803070068,1.4171165227890015,0.69159996509552,0.7220585942268372,,,,
18,273,0.08523964881896973,2.229435920715332,0.6972159743309021,1.5279580354690552,,,,
18,274,0.08617657423019409,1.8732166290283203,0.688793420791626,1.1801143884658813,,,,
18,275,0.06674158573150635,1.9857150316238403,0.6943517923355103,1.288026213645935,,,,
18,276,0.06607547402381897,1.7452161312103271,0.6949701309204102,1.0469422340393066,,,,
18,277,0.07531622052192688,2.1336734294891357,0.6975237131118774,1.4323837757110596,,,,
18,278,0.08005142211914062,1.8552180528640747,0.690929651260376,1.1602858304977417,,,,
18,279,0.06155204772949219,1.4219948053359985,0.693850040435791,0.7250670790672302,,,,
18,280,0.06877201795578003,1.7125217914581299,0.6911060810089111,1.0179771184921265,,,,
18,281,0.058168262243270874,1.4300336837768555,0.695164680480957,0.7319604754447937,,,,
18,282,0.08329102396965027,1.8772624731063843,0.6916926503181458,1.1814051866531372,,,,
18,283,0.08683043718338013,1.725152611732483,0.6918891072273254,1.0289219617843628,,,,
18,284,0.026228219270706177,2.567695140838623,0.6843528747558594,1.8820308446884155,,,,
18,284,,,,,0.08501917123794556,1.6860719919204712,0.6937023401260376,0.988118588924408
19,285,0.08287686109542847,1.9868875741958618,0.6933483481407166,1.2893953323364258,,,,
19,286,0.07619044184684753,1.823413610458374,0.694622278213501,1.1249817609786987,,,,
19,287,0.07295805215835571,1.8098371028900146,0.6996650695800781,1.106524109840393,,,,
19,288,0.06166091561317444,1.635533094406128,0.6962260603904724,0.9362240433692932,,,,
19,289,0.0801868736743927,1.6053177118301392,0.6974455714225769,0.9038627743721008,,,,
19,290,0.07422265410423279,1.7451276779174805,0.7009620666503906,1.0404545068740845,,,,
19,291,0.08151394128799438,1.7788547277450562,0.6977059841156006,1.077073097229004,,,,
19,292,0.07616990804672241,1.5744800567626953,0.6991849541664124,0.8714866042137146,,,,
19,293,0.08179527521133423,1.7671185731887817,0.6909598112106323,1.0720690488815308,,,,
19,294,0.06784975528717041,1.679954171180725,0.6947025656700134,0.9818591475486755,,,,
19,295,0.08935210108757019,2.086951971054077,0.6915420889854431,1.3909424543380737,,,,
19,296,0.0649472177028656,1.871446967124939,0.6936781406402588,1.1745214462280273,,,,
19,297,0.08928835391998291,1.5841048955917358,0.6949629783630371,0.884677529335022,,,,
19,298,0.0560433566570282,1.578931212425232,0.6914575695991516,0.8846715092658997,,,,
19,299,0.03410068154335022,2.0638139247894287,0.7027605175971985,1.3593484163284302,,,,
19,299,,,,,0.08002817630767822,1.6848255395889282,0.6912422776222229,0.9895817041397095
20,300,0.08140787482261658,1.9166706800460815,0.6969099044799805,1.2156903743743896,,,,
20,301,0.07250994443893433,1.6802939176559448,0.6933906674385071,0.9832777380943298,,,,
20,302,0.07877692580223083,2.1611063480377197,0.6904407739639282,1.4667267799377441,,,,
20,303,0.06045776605606079,1.6235625743865967,0.6883518695831299,0.9321878552436829,,,,
20,304,0.05210813879966736,1.4492132663726807,0.6920075416564941,0.7546002864837646,,,,
20,305,0.05180057883262634,2.011657476425171,0.6938397884368896,1.3152276277542114,,,,
20,306,0.078907310962677,2.2079973220825195,0.6921442747116089,1.5119075775146484,,,,
20,307,0.07910352945327759,1.7093151807785034,0.6896340847015381,1.0157259702682495,,,,
20,308,0.0831088125705719,2.1491825580596924,0.6963214874267578,1.448705792427063,,,,
20,309,0.13617002964019775,2.0372955799102783,0.6929839849472046,1.33750319480896,,,,
20,310,0.05894109606742859,1.6154069900512695,0.6937880516052246,0.9186718463897705,,,,
20,311,0.0630824863910675,1.5169837474822998,0.6924194097518921,0.8214101791381836,,,,
20,312,0.061361879110336304,1.472150206565857,0.6941969394683838,0.7748851180076599,,,,
20,313,0.07230660319328308,2.0053210258483887,0.6988299489021301,1.3028756380081177,,,,
20,314,0.029002279043197632,1.477257490158081,0.685875654220581,0.7899317145347595,,,,
20,314,,,,,0.07596009224653244,1.6862322092056274,0.6933302283287048,0.9891038537025452
21,315,0.06126531958580017,1.8777275085449219,0.6895838975906372,1.1850802898406982,,,,
21,316,0.06161490082740784,1.5965722799301147,0.6961451768875122,0.8973464369773865,,,,
21,317,0.051806122064590454,1.8438776731491089,0.6856429576873779,1.155644416809082,,,,
21,318,0.06620627641677856,2.1280860900878906,0.6958809494972229,1.4288948774337769,,,,
21,319,0.06872707605361938,1.71596097946167,0.6942141056060791,1.018310546875,,,,
21,320,0.06711068749427795,1.6203281879425049,0.6956337094306946,0.9213389754295349,,,,
21,321,0.055921196937561035,1.6005152463912964,0.6961848139762878,0.9015344381332397,,,,
21,322,0.07010477781295776,1.6101124286651611,0.6904049515724182,0.916202187538147,,,,
21,323,0.0651976466178894,2.0381386280059814,0.6959661245346069,1.3389127254486084,,,,
21,324,0.09948587417602539,2.1786632537841797,0.690888524055481,1.4828004837036133,,,,
21,325,0.06206107139587402,1.6474798917770386,0.6961983442306519,0.9481785297393799,,,,
21,326,0.06987962126731873,1.426849126815796,0.6935232281684875,0.7298319339752197,,,,
21,327,0.06734102964401245,2.0764153003692627,0.6971246004104614,1.375923752784729,,,,
21,328,0.05781111121177673,1.8011984825134277,0.6965973973274231,1.1017104387283325,,,,
21,329,0.020971834659576416,1.3617098331451416,0.6899281740188599,0.6707330346107483,,,,
21,329,,,,,0.07376863807439804,1.667219877243042,0.6885589957237244,0.9749723076820374
22,330,0.07697528600692749,2.083479642868042,0.6941541433334351,1.3854767084121704,,,,
22,331,0.061218589544296265,1.5570200681686401,0.6926233172416687,0.861335813999176,,,,
22,332,0.058141738176345825,1.5299687385559082,0.6905067563056946,0.8365549445152283,,,,
22,333,0.08462423086166382,1.7927604913711548,0.6891437768936157,1.0993854999542236,,,,
22,334,0.04977816343307495,1.6127843856811523,0.6945244669914246,0.9157711267471313,,,,
22,335,0.05197876691818237,2.0166094303131104,0.6909869909286499,1.3230234384536743,,,,
22,336,0.06000891327857971,1.528435230255127,0.6939323544502258,0.8315023183822632,,,,
22,337,0.062415093183517456,1.5434640645980835,0.6924664974212646,0.847876787185669,,,,
22,338,0.06467330455780029,1.7106174230575562,0.696650505065918,1.0107332468032837,,,,
22,339,0.06776508688926697,2.091047525405884,0.6872621774673462,1.4003973007202148,,,,
22,340,0.05235370993614197,1.4386528730392456,0.6933729648590088,0.7426621913909912,,,,
22,341,0.06111454963684082,1.8627961874008179,0.6874760985374451,1.1722644567489624,,,,
22,342,0.059278637170791626,1.830810546875,0.7017866373062134,1.1260600090026855,,,,
22,343,0.0462624728679657,1.6592189073562622,0.6933296322822571,0.9635761380195618,,,,
22,344,0.02715158462524414,1.9270565509796143,0.6923312544822693,1.233367681503296,,,,
22,344,,,,,0.07331715524196625,1.672497272491455,0.6868941187858582,0.9819373488426208
23,345,0.05151715874671936,1.9233360290527344,0.6977458000183105,1.2230143547058105,,,,
23,346,0.0465221107006073,1.5506902933120728,0.6979445219039917,0.8504196405410767,,,,
23,347,0.06259775161743164,2.17086124420166,0.6971101760864258,1.4706212282180786,,,,
23,348,0.059141308069229126,2.0463480949401855,0.6949905157089233,1.3484004735946655,,,,
23,349,0.07070291042327881,1.6684988737106323,0.6915580034255981,0.973405659198761,,,,
23,350,0.05759748816490173,1.5932735204696655,0.6978431940078735,0.8925504684448242,,,,
23,351,0.06192168593406677,1.7160149812698364,0.697131872177124,1.0157870054244995,,,,
23,352,0.0506862998008728,1.2777906656265259,0.6915041208267212,0.5837522745132446,,,,
23,353,0.0634850561618805,1.9272693395614624,0.6888408660888672,1.235254168510437,,,,
23,354,0.06478336453437805,1.594855546951294,0.6913295984268188,0.9002867937088013,,,,
23,355,0.05340650677680969,1.6779556274414062,0.6897687911987305,0.9855165481567383,,,,
23,356,0.05842667818069458,1.8590331077575684,0.6929062604904175,1.1632055044174194,,,,
23,357,0.061750322580337524,1.8726613521575928,0.6969291567802429,1.1726446151733398,,,,
23,358,0.06977146863937378,1.6588385105133057,0.6882706880569458,0.9670793414115906,,,,
23,359,0.02913263440132141,1.8323819637298584,0.6966139078140259,1.1343114376068115,,,,
23,359,,,,,0.0692945197224617,1.6807520389556885,0.6939933896064758,0.983293890953064
24,360,0.04088452458381653,1.6772212982177734,0.6889996528625488,0.986177384853363,,,,
24,361,0.043262988328933716,1.494377851486206,0.6974925398826599,0.7947221398353577,,,,
24,362,0.05628889799118042,1.5970706939697266,0.6871002316474915,0.9071560502052307,,,,
24,363,0.06788823008537292,1.968091368675232,0.6918504238128662,1.2728465795516968,,,,
24,364,0.06359714269638062,2.641248941421509,0.6893894672393799,1.9486796855926514,,,,
24,365,0.05374211072921753,1.279100775718689,0.69536292552948,0.5810506939888,,,,
24,366,0.052018314599990845,2.292372465133667,0.6926054954528809,1.5971661806106567,,,,
24,367,0.05059844255447388,1.810707688331604,0.7003598809242249,1.1078178882598877,,,,
24,368,0.0580771267414093,1.4480775594711304,0.693361759185791,0.7518119812011719,,,,
24,369,0.05876931548118591,1.7088624238967896,0.6905924081802368,1.015331506729126,,,,
24,370,0.056491464376449585,1.622261643409729,0.6928614377975464,0.9265756607055664,,,,
24,371,0.061294108629226685,2.2093558311462402,0.6915901303291321,1.514701008796692,,,,
24,372,0.06620684266090393,1.8560521602630615,0.694617748260498,1.1581240892410278,,,,
24,373,0.05820325016975403,1.6276321411132812,0.6897443532943726,0.934977650642395,,,,
24,374,0.013610482215881348,1.4730333089828491,0.6988559365272522,0.7734968662261963,,,,
24,374,,,,,0.06766168773174286,1.6830414533615112,0.6943655610084534,0.985292911529541
25,375,0.05522269010543823,1.6222599744796753,0.6943845748901367,0.9251142740249634,,,,
25,376,0.04737013578414917,1.587407112121582,0.6964393258094788,0.8885993361473083,,,,
25,377,0.06062093377113342,1.6076157093048096,0.6967424750328064,0.9078422784805298,,,,
25,378,0.036816567182540894,1.4563204050064087,0.6904171705245972,0.7640624046325684,,,,
25,379,0.03829827904701233,1.5814255475997925,0.6936109662055969,0.8858997821807861,,,,
25,380,0.055329978466033936,1.8989938497543335,0.6978536248207092,1.1983736753463745,,,,
25,381,0.043324410915374756,1.7088754177093506,0.6921634078025818,1.0145456790924072,,,,
25,382,0.0497150719165802,1.9216208457946777,0.6932314038276672,1.2259037494659424,,,,
25,383,0.047012776136398315,1.5305105447769165,0.6915678977966309,0.8365920186042786,,,,
25,384,0.05624812841415405,1.7502690553665161,0.695361852645874,1.05209481716156,,,,
25,385,0.06322655081748962,1.5547980070114136,0.699211597442627,0.8524250984191895,,,,
25,386,0.04955756664276123,1.936767578125,0.6933510899543762,1.240938663482666,,,,
25,387,0.0692761242389679,1.81014084815979,0.6923180818557739,1.114358901977539,,,,
25,388,0.0445094108581543,1.4557915925979614,0.6921175122261047,0.7614486217498779,,,,
25,389,0.028399288654327393,1.6247527599334717,0.6920692920684814,0.9312635064125061,,,,
25,389,,,,,0.06779886037111282,1.677534818649292,0.6924474835395813,0.9816973209381104
26,390,0.0402948260307312,1.8151013851165771,0.6938587427139282,1.1192278861999512,,,,
26,391,0.04912951588630676,1.3578031063079834,0.6933959722518921,0.6619507670402527,,,,
26,392,0.05396589636802673,1.8513332605361938,0.6953092813491821,1.1533256769180298,,,,
26,393,0.05471926927566528,1.627652883529663,0.6904436945915222,0.9344732165336609,,,,
26,394,0.06563100218772888,1.6604573726654053,0.6878917217254639,0.9692839980125427,,,,
26,395,0.05300760269165039,1.5884722471237183,0.6931068897247314,0.8927150368690491,,,,
26,396,0.054999589920043945,2.1199216842651367,0.6948672533035278,1.422304630279541,,,,
26,397,0.05758431553840637,1.736024260520935,0.6937763690948486,1.0393686294555664,,,,
26,398,0.06216639280319214,2.690805673599243,0.6906498670578003,1.9970474243164062,,,,
26,399,0.047012507915496826,1.9819505214691162,0.6952000856399536,1.2843998670578003,,,,
26,400,0.04191136360168457,1.562590479850769,0.6944589614868164,0.8660358786582947,,,,
26,401,0.0482790470123291,1.8959394693374634,0.6962835788726807,1.1972419023513794,,,,
26,402,0.05268755555152893,1.969437837600708,0.6895303726196289,1.2772730588912964,,,,
26,403,0.05172780156135559,1.665750503540039,0.6947201490402222,0.9684439301490784,,,,
26,404,0.022379368543624878,1.4908791780471802,0.6883862018585205,0.8013740181922913,,,,
26,404,,,,,0.06081169843673706,1.6711721420288086,0.6915832161903381,0.976548433303833
27,405,0.049259036779403687,2.2887139320373535,0.6897566318511963,1.5964943170547485,,,,
27,406,0.048604369163513184,2.061490774154663,0.6951444149017334,1.3639161586761475,,,,
27,407,0.04988980293273926,1.9641872644424438,0.6887210607528687,1.272971749305725,,,,
27,408,0.05232253670692444,1.592789888381958,0.6942001581192017,0.8959735035896301,,,,
27,409,0.05225476622581482,1.7564836740493774,0.6989455223083496,1.0549254417419434,,,,
27,410,0.05792742967605591,1.9732524156570435,0.691344141960144,1.279011845588684,,,,
27,411,0.05364838242530823,2.1466503143310547,0.6929289698600769,1.4510389566421509,,,,
27,412,0.07405871152877808,2.151623010635376,0.6899273991584778,1.4579927921295166,,,,
27,413,0.049854427576065063,1.8895756006240845,0.6955056190490723,1.1915773153305054,,,,
27,414,0.04406997561454773,1.4959520101547241,0.6931304931640625,0.800618052482605,,,,
27,415,0.04003453254699707,1.7042888402938843,0.6917411088943481,1.0105459690093994,,,,
27,416,0.03548407554626465,1.8989193439483643,0.6919219493865967,1.2052232027053833,,,,
27,417,0.03688576817512512,1.800687313079834,0.689858078956604,1.1089849472045898,,,,
27,418,0.03490626811981201,1.997266173362732,0.6923695206642151,1.3031513690948486,,,,
27,419,0.014101862907409668,1.7592124938964844,0.6888020038604736,1.0697053670883179,,,,
27,419,,,,,0.057843226939439774,1.6860867738723755,0.6941079497337341,0.9890866875648499
28,420,0.05189499258995056,1.6574232578277588,0.6912133693695068,0.9636152386665344,,,,
28,421,0.0499931275844574,1.6786359548568726,0.6915754079818726,0.9845608472824097,,,,
28,422,0.04752466082572937,1.7438029050827026,0.6957395076751709,1.045687198638916,,,,
28,423,0.044185101985931396,1.6554697751998901,0.693570613861084,0.9596899151802063,,,,
28,424,0.03767475485801697,1.836723804473877,0.6941733360290527,1.1406667232513428,,,,
28,425,0.04740828275680542,2.1923599243164062,0.6908168792724609,1.499172568321228,,,,
28,426,0.05160927772521973,2.1159262657165527,0.6955285668373108,1.417817234992981,,,,
28,427,0.04090961813926697,1.3874682188034058,0.6923219561576843,0.6931006908416748,,,,
28,428,0.045302122831344604,1.9050623178482056,0.6895256042480469,1.2132716178894043,,,,
28,429,0.0473613440990448,1.9987949132919312,0.6899420619010925,1.3064846992492676,,,,
28,430,0.04545620083808899,1.6996972560882568,0.6940761804580688,1.0033482313156128,,,,
28,431,0.0445268452167511,1.7215745449066162,0.6962071061134338,1.0231411457061768,,,,
28,432,0.046128422021865845,1.4870097637176514,0.6923002600669861,0.7924030423164368,,,,
28,433,0.040905267000198364,1.6002992391586304,0.6873782873153687,0.9108756184577942,,,,
28,434,0.019772827625274658,1.5438786745071411,0.6918771266937256,0.8510130047798157,,,,
28,434,,,,,0.05931838974356651,1.6821136474609375,0.6922581791877747,0.9868895411491394
29,435,0.048098742961883545,1.7913953065872192,0.6906661987304688,1.098324179649353,,,,
29,436,0.04695802927017212,1.6653244495391846,0.6911742687225342,0.971802294254303,,,,
29,437,0.053837090730667114,1.8828784227371216,0.6985407471656799,1.1816457509994507,,,,
29,438,0.04997637867927551,1.6860625743865967,0.6913628578186035,0.9922007918357849,,,,
29,439,0.04528960585594177,2.1806716918945312,0.6917272806167603,1.486680030822754,,,,
29,440,0.05491557717323303,1.8438372611999512,0.6892962455749512,1.1517952680587769,,,,
29,441,0.05671876668930054,2.177175521850586,0.6896289587020874,1.4847105741500854,,,,
29,442,0.04818648099899292,1.771220088005066,0.6916248798370361,1.077185869216919,,,,
29,443,0.06158986687660217,1.850095272064209,0.694193959236145,1.1528217792510986,,,,
29,444,0.05106538534164429,1.584294080734253,0.6907845735549927,0.8909562826156616,,,,
29,445,0.03492605686187744,1.5549674034118652,0.6916992664337158,0.86152184009552,,,,
29,446,0.03640303015708923,1.5998367071151733,0.6953250765800476,0.9026914834976196,,,,
29,447,0.06070464849472046,2.329803228378296,0.6867468357086182,1.6400210857391357,,,,
29,448,0.046606093645095825,1.8722660541534424,0.6940234899520874,1.1759122610092163,,,,
29,449,0.020918726921081543,1.768278956413269,0.6931711435317993,1.0740618705749512,,,,
29,449,,,,,0.05610381066799164,1.6921331882476807,0.6967172622680664,0.9926106929779053
30,450,0.034408390522003174,1.67160165309906,0.7004168033599854,0.9694644212722778,,,,
30,451,0.04534468054771423,1.645480751991272,0.7004191875457764,0.9427942633628845,,,,
30,452,0.04376327991485596,2.0642805099487305,0.6971170902252197,1.3649752140045166,,,,
30,453,0.04630458354949951,1.821343183517456,0.6931301355361938,1.125897765159607,,,,
30,454,0.049883514642715454,1.5651369094848633,0.6915459632873535,0.8710967302322388,,,,
30,455,0.05023792386054993,1.969434142112732,0.6969642639160156,1.2699580192565918,,,,
30,456,0.03907725214958191,1.589617371559143,0.6914474964141846,0.8962160348892212,,,,
30,457,0.057487547397613525,1.8085976839065552,0.6950181722640991,1.1107051372528076,,,,
30,458,0.04237645864486694,1.5743377208709717,0.6948555707931519,0.877363383769989,,,,
30,459,0.03758341073989868,1.7454603910446167,0.6913601160049438,1.0522210597991943,,,,
30,460,0.03730165958404541,1.7611968517303467,0.6994417905807495,1.0598900318145752,,,,
30,461,0.043906599283218384,1.897713303565979,0.6952775716781616,1.2002403736114502,,,,
30,462,0.054524779319763184,2.1185591220855713,0.6948758363723755,1.4209568500518799,,,,
30,463,0.043886661529541016,1.726251244544983,0.6941817402839661,1.0298752784729004,,,,
30,464,0.02129042148590088,1.358591914176941,0.698904812335968,0.6586225628852844,,,,
30,464,,,,,0.054654840379953384,1.680781364440918,0.6924734711647034,0.9855750799179077
31,465,0.04919469356536865,2.084683895111084,0.6938439011573792,1.3883802890777588,,,,
31,466,0.04479169845581055,1.7255786657333374,0.6965840458869934,1.0267550945281982,,,,
31,467,0.049028992652893066,1.7039294242858887,0.6934633255004883,1.0080146789550781,,,,
31,468,0.04255568981170654,2.0100951194763184,0.6995797157287598,1.3083875179290771,,,,
31,469,0.04570797085762024,1.515393614768982,0.6903193593025208,0.8227888345718384,,,,
31,470,0.04714527726173401,1.5585891008377075,0.6977325677871704,0.85849928855896,,,,
31,471,0.04148873686790466,1.3934487104415894,0.6923813819885254,0.6989928483963013,,,,
31,472,0.03995832800865173,1.6966238021850586,0.6965610384941101,0.9980648756027222,,,,
31,473,0.035024791955947876,1.7737414836883545,0.6920717358589172,1.0799185037612915,,,,
31,474,0.05106985569000244,1.8793370723724365,0.6938779354095459,1.182905673980713,,,,
31,475,0.04844382405281067,2.1046197414398193,0.6942358613014221,1.4079618453979492,,,,
31,476,0.04722726345062256,2.019449234008789,0.6915489435195923,1.3255391120910645,,,,
31,477,0.039072185754776,1.6542798280715942,0.6934187412261963,0.9589074850082397,,,,
31,478,0.03846600651741028,1.82749342918396,0.689519464969635,1.1360505819320679,,,,
31,479,0.013871431350708008,1.6039342880249023,0.6790642738342285,0.9241764545440674,,,,
31,479,,,,,0.05188740789890289,1.682950735092163,0.693068265914917,0.9872880578041077
32,480,0.04682245850563049,1.533474087715149,0.697700023651123,0.8334329128265381,,,,
32,481,0.0366685688495636,1.4925405979156494,0.6929992437362671,0.7977079749107361,,,,
32,482,0.04028970003128052,1.5317437648773193,0.6895091533660889,0.8402200937271118,,,,
32,483,0.0383547842502594,1.7767547369003296,0.6930654048919678,1.0817716121673584,,,,
32,484,0.04246622323989868,1.4530913829803467,0.6889864206314087,0.7619816064834595,,,,
32,485,0.039832085371017456,1.4850152730941772,0.6973147392272949,0.7857089042663574,,,,
32,486,0.04500472545623779,1.557567834854126,0.6889086961746216,0.8664089441299438,,,,
32,487,0.037703365087509155,1.4025695323944092,0.6842238903045654,0.7164604663848877,,,,
32,488,0.036820411682128906,1.7681164741516113,0.6966749429702759,1.0696004629135132,,,,
32,489,0.03913202881813049,1.4995838403701782,0.6924723386764526,0.8051549792289734,,,,
32,490,0.03654897212982178,1.7873585224151611,0.6892538070678711,1.0962772369384766,,,,
32,491,0.037473440170288086,1.4223425388336182,0.7011719346046448,0.7192968726158142,,,,
32,492,0.03828626871109009,1.830893635749817,0.6842137575149536,1.1447656154632568,,,,
32,493,0.02960336208343506,1.4811307191848755,0.6895944476127625,0.7900559902191162,,,,
32,494,0.017236828804016113,2.2600417137145996,0.6932461261749268,1.5659337043762207,,,,
32,494,,,,,0.04890253022313118,1.6702299118041992,0.6858714818954468,0.9819133281707764
33,495,0.032312244176864624,1.3604122400283813,0.694286584854126,0.6645100116729736,,,,
33,496,0.0305633544921875,1.6225515604019165,0.6892203092575073,0.9318031668663025,,,,
33,497,0.030759721994400024,1.7021918296813965,0.6940550804138184,1.006598711013794,,,,
33,498,0.030781447887420654,1.8299726247787476,0.7006427049636841,1.1277908086776733,,,,
33,499,0.045033276081085205,2.060760974884033,0.6995508670806885,1.3589586019515991,,,,
33,500,0.045365989208221436,2.146958827972412,0.6939060091972351,1.4507845640182495,,,,
33,501,0.03261423110961914,1.8367348909378052,0.6906791925430298,1.1444250345230103,,,,
33,502,0.0372946560382843,1.904992699623108,0.6999215483665466,1.2032063007354736,,,,
33,503,0.03930070996284485,1.4342455863952637,0.6902531385421753,0.7420274615287781,,,,
33,504,0.03499096632003784,1.9514518976211548,0.6931002140045166,1.256602168083191,,,,
33,505,0.050035446882247925,1.9653936624526978,0.6906098127365112,1.2722821235656738,,,,
33,506,0.041172683238983154,1.710922360420227,0.687812089920044,1.0210516452789307,,,,
33,507,0.030107736587524414,1.678100824356079,0.6887203454971313,0.9878751039505005,,,,
33,508,0.034582287073135376,1.4804490804672241,0.6836262345314026,0.7950937747955322,,,,
33,509,0.01247495412826538,1.8656940460205078,0.6868796944618225,1.1781905889511108,,,,
33,509,,,,,0.04678722843527794,1.6603749990463257,0.6795737147331238,0.9784619212150574
34,510,0.03730356693267822,2.4283957481384277,0.688502311706543,1.7380282878875732,,,,
34,511,0.04003444314002991,2.158726215362549,0.6931952238082886,1.463529109954834,,,,
34,512,0.04794779419898987,1.91103196144104,0.6889941692352295,1.2196403741836548,,,,
34,513,0.03260982036590576,1.6545705795288086,0.6942765712738037,0.9586634635925293,,,,
34,514,0.03684225678443909,1.500611424446106,0.6959774494171143,0.8027918338775635,,,,
34,515,0.03405067324638367,1.6735131740570068,0.68980872631073,0.9820019006729126,,,,
34,516,0.03703394532203674,1.8077071905136108,0.6903519034385681,1.1155035495758057,,,,
34,517,0.031259745359420776,1.5654140710830688,0.6984611749649048,0.865389883518219,,,,
34,518,0.04585787653923035,1.7924628257751465,0.7032834887504578,1.0868864059448242,,,,
34,519,0.04010847210884094,1.7601839303970337,0.6906535029411316,1.067525029182434,,,,
34,520,0.03427308797836304,1.834053635597229,0.7053448557853699,1.1269950866699219,,,,
34,521,0.0372505784034729,1.7683286666870117,0.6908460259437561,1.075620174407959,,,,
34,522,0.034797102212905884,1.785681962966919,0.6938425302505493,1.090099573135376,,,,
34,523,0.029584378004074097,1.7536910772323608,0.6838477253913879,1.0683640241622925,,,,
34,524,0.013310521841049194,2.4593474864959717,0.699782133102417,1.7588999271392822,,,,
34,524,,,,,0.04412117972970009,1.655872106552124,0.6827433705329895,0.9709227085113525
35,525,0.03268241882324219,1.7722883224487305,0.6904906630516052,1.080163598060608,,,,
35,526,0.03533932566642761,1.583646297454834,0.695892870426178,0.8859864473342896,,,,
35,527,0.034640610218048096,2.2097721099853516,0.6971104145050049,1.5109295845031738,,,,
35,528,0.03210142254829407,1.607064962387085,0.6913962364196777,0.9140636920928955,,,,
35,529,0.030296355485916138,1.5601741075515747,0.6980642676353455,0.8605949878692627,,,,
35,530,0.03745722770690918,1.7860881090164185,0.6945651173591614,1.0896501541137695,,,,
35,531,0.037364065647125244,1.5565944910049438,0.6977251768112183,0.8570010662078857,,,,
35,532,0.03304848074913025,1.4810643196105957,0.6883366107940674,0.7910752892494202,,,,
35,533,0.03934714198112488,2.384821891784668,0.6994767189025879,1.6833776235580444,,,,
35,534,0.034976422786712646,1.7515416145324707,0.6954053044319153,1.0543875694274902,,,,
35,535,0.034604668617248535,1.624502182006836,0.6947120428085327,0.9280599355697632,,,,
35,536,0.033397018909454346,2.117540121078491,0.6963830590248108,1.4194871187210083,,,,
35,537,0.037704139947891235,2.07582688331604,0.7008535861968994,1.3730881214141846,,,,
35,538,0.03498953580856323,1.528794288635254,0.6972194314002991,0.8298254013061523,,,,
35,539,0.018263131380081177,1.6618809700012207,0.6927186846733093,0.9682492017745972,,,,
35,539,,,,,0.043754979968070984,1.6754271984100342,0.6868769526481628,0.9863625168800354
36,540,0.03936171531677246,1.9435935020446777,0.7078942060470581,1.2337311506271362,,,,
36,541,0.035726696252822876,2.0790414810180664,0.6975866556167603,1.3796684741973877,,,,
36,542,0.03883036971092224,1.6182910203933716,0.6875201463699341,0.9288293719291687,,,,
36,543,0.036699891090393066,1.9543625116348267,0.6971285343170166,1.2553989887237549,,,,
36,544,0.03165078163146973,2.0768814086914062,0.6940497159957886,1.381248950958252,,,,
36,545,0.035790860652923584,1.84507155418396,0.6892955303192139,1.1539864540100098,,,,
36,546,0.027860581874847412,2.0032551288604736,0.6942362785339355,1.3076257705688477,,,,
36,547,0.029812097549438477,1.7994790077209473,0.693215012550354,1.1047734022140503,,,,
36,548,0.036057889461517334,1.5779776573181152,0.6962637901306152,0.8799108862876892,,,,
36,549,0.0356583297252655,1.9661551713943481,0.6899865865707397,1.274385690689087,,,,
36,550,0.029088079929351807,1.5091707706451416,0.691483199596405,0.816233217716217,,,,
36,551,0.026635020971298218,1.6359187364578247,0.6897886395454407,0.9447982907295227,,,,
36,552,0.036818861961364746,1.8874893188476562,0.6938430070877075,1.191805362701416,,,,
36,553,0.0361916720867157,1.962422251701355,0.6914163827896118,1.2691962718963623,,,,
36,554,0.011217296123504639,2.8713784217834473,0.6915377378463745,2.1792798042297363,,,,
36,554,,,,,0.041821375489234924,1.6747230291366577,0.6889275908470154,0.9837043881416321
37,555,0.034102559089660645,1.823962688446045,0.6974647045135498,1.1247928142547607,,,,
37,556,0.0269605815410614,1.9987797737121582,0.6956397891044617,1.3017919063568115,,,,
37,557,0.03658711910247803,1.7174478769302368,0.6881999969482422,1.0274184942245483,,,,
37,558,0.02973189949989319,1.8073574304580688,0.6901453733444214,1.1157255172729492,,,,
37,559,0.02966362237930298,1.5883073806762695,0.6927883625030518,0.8940357565879822,,,,
37,560,0.029165655374526978,1.9704900979995728,0.6938897371292114,1.2751420736312866,,,,
37,561,0.035271018743515015,1.5706803798675537,0.6959919929504395,0.8729248046875,,,,
37,562,0.0308835506439209,1.5019986629486084,0.6957334280014038,0.8047210574150085,,,,
37,563,0.024884134531021118,1.3731110095977783,0.687613844871521,0.6842529773712158,,,,
37,564,0.026689082384109497,1.5093075037002563,0.6979219913482666,0.8100510835647583,,,,
37,565,0.03831827640533447,1.9518153667449951,0.693397581577301,1.2565019130706787,,,,
37,566,0.03637811541557312,1.8184998035430908,0.6919158697128296,1.1247650384902954,,,,
37,567,0.022390633821487427,1.4007562398910522,0.6906319260597229,0.7090048789978027,,,,
37,568,0.038435131311416626,1.8451192378997803,0.698906660079956,1.144290804862976,,,,
37,569,0.011132121086120605,1.517638087272644,0.6983447074890137,0.8187367916107178,,,,
37,569,,,,,0.04233954846858978,1.6666640043258667,0.6900423765182495,0.9745045900344849
38,570,0.03643050789833069,2.0813374519348145,0.6909981966018677,1.3885178565979004,,,,
38,571,0.029760748147964478,1.5575662851333618,0.6936131119728088,0.8624651432037354,,,,
38,572,0.03202313184738159,1.9772335290908813,0.6962217688560486,1.2794106006622314,,,,
38,573,0.02896091341972351,1.6100825071334839,0.6890541315078735,0.9195802807807922,,,,
38,574,0.0299074649810791,1.9647431373596191,0.692125141620636,1.2711225748062134,,,,
38,575,0.026951491832733154,1.6925384998321533,0.6977794766426086,0.9934115409851074,,,,
38,576,0.023424476385116577,1.530788779258728,0.692712664604187,0.8369049429893494,,,,
38,577,0.032310932874679565,1.790015459060669,0.6959198117256165,1.092480182647705,,,,
38,578,0.0265008807182312,1.4940048456192017,0.6969829797744751,0.7956967949867249,,,,
38,579,0.032402247190475464,2.4423484802246094,0.698273241519928,1.7424551248550415,,,,
38,580,0.03592044115066528,1.683156132698059,0.6931161880493164,0.9882439374923706,,,,
38,581,0.024842172861099243,1.5721125602722168,0.6888121962547302,0.8820581436157227,,,,
38,582,0.028770148754119873,1.8649359941482544,0.6982364058494568,1.165261149406433,,,,
38,583,0.03286638855934143,1.644774317741394,0.6973264217376709,0.9458045363426208,,,,
38,584,0.011199712753295898,1.510502815246582,0.7016202807426453,0.8083224296569824,,,,
38,584,,,,,0.042106155306100845,1.6791764497756958,0.6920056343078613,0.9850655198097229
39,585,0.03381067514419556,1.7821400165557861,0.6936770677566528,1.0867724418640137,,,,
39,586,0.033572643995285034,1.8049342632293701,0.6941978931427002,1.1090577840805054,,,,
39,587,0.03008633852005005,1.9641441106796265,0.6936542987823486,1.2689855098724365,,,,
39,588,0.026463240385055542,1.600191354751587,0.6985365748405457,0.9003316760063171,,,,
39,589,0.02946576476097107,1.5626832246780396,0.6913738250732422,0.8698360323905945,,,,
39,590,0.030942440032958984,1.454169750213623,0.6912433505058289,0.7613793015480042,,,,
39,591,0.026131480932235718,1.6170880794525146,0.6919174194335938,0.9238641858100891,,,,
39,592,0.03221210837364197,1.8203603029251099,0.6898906826972961,1.128859043121338,,,,
39,593,0.03269347548484802,1.696616291999817,0.6902155876159668,1.0047659873962402,,,,
39,594,0.045479148626327515,1.64461350440979,0.689164400100708,0.9531751871109009,,,,
39,595,0.033843010663986206,2.1503522396087646,0.6920738220214844,1.456586241722107,,,,
39,596,0.025063782930374146,1.4409812688827515,0.6875646114349365,0.7521634101867676,,,,
39,597,0.027760803699493408,1.7878910303115845,0.6941949129104614,1.0923080444335938,,,,
39,598,0.022985607385635376,1.4118114709854126,0.6919915676116943,0.7186706066131592,,,,
39,599,0.018248260021209717,2.606524705886841,0.6951716542243958,1.9104405641555786,,,,
39,599,,,,,0.039398107677698135,1.6828609704971313,0.6927188038825989,0.9881723523139954
40,600,0.025182455778121948,1.4693357944488525,0.6972732543945312,0.7708033919334412,,,,
40,601,0.03448760509490967,1.6664475202560425,0.692146897315979,0.9725763201713562,,,,
40,602,0.028813272714614868,1.5854781866073608,0.693958044052124,0.8900794386863708,,,,
40,603,0.023013144731521606,1.5667662620544434,0.6919350624084473,0.8736806511878967,,,,
40,604,0.02775782346725464,1.7808787822723389,0.6880099773406982,1.0914809703826904,,,,
40,605,0.033727169036865234,1.5885581970214844,0.6954411864280701,0.8914307355880737,,,,
40,606,0.032482415437698364,1.7098071575164795,0.6887920498847961,1.0193909406661987,,,,
40,607,0.040177881717681885,1.8686296939849854,0.6948734521865845,1.1717473268508911,,,,
40,608,0.030652165412902832,1.5689826011657715,0.6896744966506958,0.8777756094932556,,,,
40,609,0.030938267707824707,1.8714048862457275,0.7023643255233765,1.1674937009811401,,,,
40,610,0.024385422468185425,1.5069820880889893,0.6879279613494873,0.8178347945213318,,,,
40,611,0.035388797521591187,1.5153790712356567,0.6926789283752441,0.8209307789802551,,,,
40,612,0.02922302484512329,1.7789822816848755,0.6956197619438171,1.0819013118743896,,,,
40,613,0.0352553129196167,1.9070085287094116,0.6938369274139404,1.2114088535308838,,,,
40,614,0.014752745628356934,2.6834568977355957,0.6958009600639343,1.9869182109832764,,,,
40,614,,,,,0.0380520299077034,1.6804028749465942,0.6939005255699158,0.9845998287200928
41,615,0.03045487403869629,1.8464059829711914,0.6965475678443909,1.1483356952667236,,,,
41,616,0.026220470666885376,1.4619184732437134,0.691408097743988,0.7691993117332458,,,,
41,617,0.030316948890686035,1.6277848482131958,0.6858694553375244,0.9403995275497437,,,,
41,618,0.032253384590148926,1.8885936737060547,0.6957730054855347,1.191208004951477,,,,
41,619,0.03093564510345459,1.9830079078674316,0.693339467048645,1.2881217002868652,,,,
41,620,0.02853909134864807,1.7695059776306152,0.6938771605491638,1.0742018222808838,,,,
41,621,0.03023296594619751,1.566556692123413,0.693274974822998,0.8717700242996216,,,,
41,622,0.027127206325531006,1.4138884544372559,0.6907479763031006,0.7217841744422913,,,,
41,623,0.026570767164230347,1.6005125045776367,0.6930286884307861,0.9061552286148071,,,,
41,624,0.025572240352630615,1.8378437757492065,0.6933870315551758,1.143178105354309,,,,
41,625,0.03477048873901367,1.9770240783691406,0.6905528903007507,1.2847325801849365,,,,
41,626,0.03070521354675293,1.7244151830673218,0.6918903589248657,1.0309895277023315,,,,
41,627,0.02975785732269287,1.9925203323364258,0.6957380771636963,1.2952944040298462,,,,
41,628,0.03150278329849243,1.4583688974380493,0.693486750125885,0.7633070945739746,,,,
41,629,0.013589680194854736,2.4036381244659424,0.6864851713180542,1.7164734601974487,,,,
41,629,,,,,0.036682527512311935,1.6818060874938965,0.6994103789329529,0.9805614948272705
42,630,0.029371052980422974,1.9520796537399292,0.6921200156211853,1.258491039276123,,,,
42,631,0.027857273817062378,1.6950700283050537,0.6973228454589844,0.9963544011116028,,,,
42,632,0.026746749877929688,1.6789453029632568,0.6917543411254883,0.9858537316322327,,,,
42,633,0.027266770601272583,1.516893744468689,0.6924586296081543,0.8230717182159424,,,,
42,634,0.03246396780014038,2.319267749786377,0.6946559548377991,1.6229887008666992,,,,
42,635,0.026112914085388184,1.5749274492263794,0.68790203332901,0.8857197165489197,,,,
42,636,0.03976842761039734,2.086299419403076,0.6970812082290649,1.3872296810150146,,,,
42,637,0.03647056221961975,2.4637181758880615,0.6964372992515564,1.7654575109481812,,,,
42,638,0.03346690535545349,1.7625988721847534,0.6920051574707031,1.068920373916626,,,,
42,639,0.029386669397354126,1.6842832565307617,0.6901043057441711,0.9927096366882324,,,,
42,640,0.029933124780654907,1.5317938327789307,0.6950287818908691,0.8352683782577515,,,,
42,641,0.03567022085189819,1.9757510423660278,0.6955147981643677,1.278452754020691,,,,
42,642,0.0337083637714386,2.175220489501953,0.7000659704208374,1.4734691381454468,,,,
42,643,0.03222310543060303,1.8311039209365845,0.6853987574577332,1.1440939903259277,,,,
42,644,0.012172728776931763,1.5977424383163452,0.701842188835144,0.8952915668487549,,,,
42,644,,,,,0.037915728986263275,1.6825588941574097,0.6989912986755371,0.9816716313362122
43,645,0.029565364122390747,1.988452434539795,0.6960259675979614,1.2909481525421143,,,,
43,646,0.027372926473617554,1.9206856489181519,0.6994644999504089,1.2198525667190552,,,,
43,647,0.026851177215576172,1.6558196544647217,0.6993305683135986,0.9551465511322021,,,,
43,648,0.03453725576400757,2.2247304916381836,0.6884416341781616,1.5345619916915894,,,,
43,649,0.03728669881820679,2.0230391025543213,0.6882669925689697,1.3329076766967773,,,,
43,650,0.02949663996696472,1.7469855546951294,0.6878342628479004,1.0576764345169067,,,,
43,651,0.026351481676101685,1.8546067476272583,0.6968041062355042,1.1564850807189941,,,,
43,652,0.026034176349639893,1.837367057800293,0.6962094306945801,1.1398558616638184,,,,
43,653,0.031107455492019653,1.7617740631103516,0.6964001655578613,1.0638185739517212,,,,
43,654,0.02695557475090027,1.9166529178619385,0.6949652433395386,1.2203398942947388,,,,
43,655,0.023384898900985718,1.569425344467163,0.6893247961997986,0.8789313435554504,,,,
43,656,0.03472408652305603,2.0076098442077637,0.6921749114990234,1.3136988878250122,,,,
43,657,0.032471805810928345,2.077458381652832,0.6899317502975464,1.3859028816223145,,,,
43,658,0.02777653932571411,1.5479859113693237,0.6904842853546143,0.8561128377914429,,,,
43,659,0.01814475655555725,3.4668898582458496,0.681546151638031,2.7844364643096924,,,,
43,659,,,,,0.036798328161239624,1.6782749891281128,0.692165732383728,0.984269380569458
44,660,0.024427354335784912,1.6604580879211426,0.6894649863243103,0.969771683216095,,,,
44,661,0.029148519039154053,1.6631958484649658,0.6918457746505737,0.9698925614356995,,,,
44,662,0.02982008457183838,1.8744555711746216,0.6984094977378845,1.1745551824569702,,,,
44,663,0.028362303972244263,1.7209346294403076,0.6924153566360474,1.0271011590957642,,,,
44,664,0.03077179193496704,1.6692858934402466,0.6910640001296997,0.9766831994056702,,,,
44,665,0.028557121753692627,1.8322038650512695,0.6956528425216675,1.1351231336593628,,,,
44,666,0.0256650447845459,1.6511644124984741,0.698796272277832,0.9510847926139832,,,,
44,667,0.03416931629180908,2.2532684803009033,0.6985182166099548,1.553041696548462,,,,
44,668,0.025354206562042236,1.6862822771072388,0.6939530372619629,0.9910615682601929,,,,
44,669,0.02594730257987976,1.606951355934143,0.6958173513412476,0.9098365902900696,,,,
44,670,0.027735769748687744,1.8622111082077026,0.6936842203140259,1.1671401262283325,,,,
44,671,0.04367128014564514,2.706258535385132,0.6927365064620972,2.011338233947754,,,,
44,672,0.032156407833099365,1.8465574979782104,0.6927043795585632,1.1522454023361206,,,,
44,673,0.02526646852493286,1.7883561849594116,0.6944162845611572,1.0926765203475952,,,,
44,674,0.009579986333847046,1.3263421058654785,0.6949392557144165,0.6309238076210022,,,,
44,674,,,,,0.03715392202138901,1.6729391813278198,0.6922218203544617,0.9788597226142883
45,675,0.024597644805908203,1.704513430595398,0.6910568475723267,1.0122267007827759,,,,
45,676,0.028164833784103394,2.4882876873016357,0.6929053068161011,1.7939739227294922,,,,
45,677,0.02729448676109314,1.6582831144332886,0.6958630681037903,0.961055338382721,,,,
45,678,0.030866354703903198,1.8669424057006836,0.6919532418251038,1.1734459400177002,,,,
45,679,0.028157442808151245,2.012756109237671,0.6962796449661255,1.3150687217712402,,,,
45,680,0.02479618787765503,1.705850601196289,0.6913373470306396,1.0132734775543213,,,,
45,681,0.02336066961288452,1.4724031686782837,0.6900749802589417,0.7811601758003235,,,,
45,682,0.02426883578300476,1.763051152229309,0.6901916861534119,1.071645975112915,,,,
45,683,0.02818027138710022,2.119813919067383,0.6927931308746338,1.4256117343902588,,,,
45,684,0.02492859959602356,1.753492832183838,0.6862073540687561,1.0660390853881836,,,,
45,685,0.02785089612007141,2.0190846920013428,0.6966325640678406,1.3210595846176147,,,,
45,686,0.02817341685295105,2.1309471130371094,0.6958624124526978,1.4336762428283691,,,,
45,687,0.02591019868850708,2.3535964488983154,0.6893244981765747,1.6629763841629028,,,,
45,688,0.03514891862869263,2.827284574508667,0.6976932883262634,2.127833843231201,,,,
45,689,0.014205247163772583,1.4324201345443726,0.69272780418396,0.738982081413269,,,,
45,689,,,,,0.036543454974889755,1.6983639001846313,0.7012982368469238,0.9952386617660522
46,690,0.02674904465675354,1.7439154386520386,0.6894090175628662,1.0531690120697021,,,,
46,691,0.029785066843032837,1.694464087486267,0.690433919429779,1.0025408267974854,,,,
46,692,0.02635940909385681,1.6024235486984253,0.6917968392372131,0.9093087315559387,,,,
46,693,0.02496492862701416,1.5044413805007935,0.688201367855072,0.81499183177948,,,,
46,694,0.03368368744850159,2.019423484802246,0.6907628774642944,1.3269764184951782,,,,
46,695,0.025972485542297363,1.534977912902832,0.6883952617645264,0.8452840447425842,,,,
46,696,0.029661506414413452,1.8648099899291992,0.6889760494232178,1.1743508577346802,,,,
46,697,0.029022932052612305,1.6778990030288696,0.6927318572998047,0.9837159514427185,,,,
46,698,0.029031902551651,1.7338987588882446,0.6873736381530762,1.0450735092163086,,,,
46,699,0.024519890546798706,1.792843222618103,0.6936435699462891,1.0979737043380737,,,,
46,700,0.027798235416412354,1.780741572380066,0.6945390105247498,1.0848126411437988,,,,
46,701,0.025099754333496094,1.65252685546875,0.6896194219589233,0.961652398109436,,,,
46,702,0.02753797173500061,1.8934792280197144,0.6941403150558472,1.1979620456695557,,,,
46,703,0.032290905714035034,1.7414439916610718,0.6930612325668335,1.0467681884765625,,,,
46,704,0.009877115488052368,1.9314852952957153,0.6858078241348267,1.2451835870742798,,,,
46,704,,,,,0.036165375262498856,1.7018176317214966,0.6997358202934265,1.000273585319519
47,705,0.03332412242889404,1.9716140031814575,0.6912454962730408,1.2787023782730103,,,,
47,706,0.03382474184036255,1.771915316581726,0.6946304440498352,1.0755935907363892,,,,
47,707,0.02886071801185608,1.619382381439209,0.6987738609313965,0.9191654920578003,,,,
47,708,0.028427183628082275,1.5924233198165894,0.6879122853279114,0.9030896425247192,,,,
47,709,0.031046241521835327,2.0037992000579834,0.6925699710845947,1.3096768856048584,,,,
47,710,0.029054254293441772,1.5371655225753784,0.6929916143417358,0.8427212238311768,,,,
47,711,0.032504767179489136,1.9139939546585083,0.6998605132102966,1.212508201599121,,,,
47,712,0.0280933678150177,1.925908088684082,0.6893100738525391,1.2351933717727661,,,,
47,713,0.026888251304626465,1.782448649406433,0.6948035955429077,1.0863006114959717,,,,
47,714,0.02771422266960144,1.6536617279052734,0.6917555928230286,0.9605205059051514,,,,
47,715,0.022472083568572998,1.5245767831802368,0.6835624575614929,0.8398907780647278,,,,
47,716,0.02402558922767639,1.793073296546936,0.6989008784294128,1.0929710865020752,,,,
47,717,0.0341203510761261,1.9603520631790161,0.6906734108924866,1.267972707748413,,,,
47,718,0.02534008026123047,1.466071605682373,0.6897745132446289,0.7750301361083984,,,,
47,719,0.009026259183883667,1.9937760829925537,0.6793405413627625,1.3139842748641968,,,,
47,719,,,,,0.037754740566015244,1.6948094367980957,0.699710488319397,0.9932112097740173
48,720,0.032857686281204224,2.1711933612823486,0.6985477209091187,1.4710025787353516,,,,
48,721,0.03676101565361023,2.3439130783081055,0.6922877430915833,1.649787425994873,,,,
48,722,0.030188709497451782,1.8774535655975342,0.7006205916404724,1.1753236055374146,,,,
48,723,0.02805173397064209,2.1582515239715576,0.6897583603858948,1.4670904874801636,,,,
48,724,0.03530603647232056,2.392059326171875,0.6936050653457642,1.6966890096664429,,,,
48,725,0.033308058977127075,1.5711653232574463,0.6950439810752869,0.8744560480117798,,,,
48,726,0.024273782968521118,1.511917233467102,0.7112302780151367,0.7994733452796936,,,,
48,727,0.022549718618392944,1.4447722434997559,0.6831128597259521,0.7605318427085876,,,,
48,728,0.03152942657470703,1.9132239818572998,0.6979674100875854,1.2136801481246948,,,,
48,729,0.02605283260345459,1.666430115699768,0.6997391581535339,0.9653884172439575,,,,
48,730,0.027343064546585083,1.6027523279190063,0.6930990815162659,0.9082860946655273,,,,
48,731,0.023214101791381836,1.537349820137024,0.7062586545944214,0.8299304246902466,,,,
48,732,0.02698346972465515,1.664621353149414,0.6906460523605347,0.9726261496543884,,,,
48,733,0.02453753352165222,1.5030733346939087,0.6918449401855469,0.8100014925003052,,,,
48,734,0.010426193475723267,1.7139934301376343,0.6874953508377075,1.0259767770767212,,,,
48,734,,,,,0.03769489750266075,1.6939929723739624,0.7040791511535645,0.9880290031433105
49,735,0.026776760816574097,1.6794006824493408,0.6830012798309326,0.9950605630874634,,,,
49,736,0.030978649854660034,2.2157418727874756,0.6884185075759888,1.5257742404937744,,,,
49,737,0.026091814041137695,1.5086380243301392,0.6877371668815613,0.8195962309837341,,,,
49,738,0.029501229524612427,1.586273431777954,0.6840541362762451,0.9007441401481628,,,,
49,739,0.02097618579864502,1.4986518621444702,0.6802781820297241,0.8173248767852783,,,,
49,740,0.02905869483947754,1.669769525527954,0.6896792650222778,0.9786373376846313,,,,
49,741,0.027317076921463013,1.690019130706787,0.6922433376312256,0.9964098930358887,,,,
49,742,0.02666628360748291,1.557353138923645,0.7012174129486084,0.8548023700714111,,,,
49,743,0.026332706212997437,1.740119457244873,0.6961612701416016,1.042641520500183,,,,
49,744,0.027877986431121826,1.8238537311553955,0.6947307586669922,1.127729058265686,,,,
49,745,0.031130820512771606,1.7541229724884033,0.690255880355835,1.0623105764389038,,,,
49,746,0.030120909214019775,1.702470064163208,0.6844528317451477,1.0165112018585205,,,,
49,747,0.028765082359313965,1.7546921968460083,0.6922910213470459,1.0609629154205322,,,,
49,748,0.031095534563064575,1.6870951652526855,0.6969426274299622,0.9885978102684021,,,,
49,749,0.010126471519470215,1.5964943170547485,0.7073904275894165,0.8885975480079651,,,,
49,749,,,,,0.03641188144683838,1.7029528617858887,0.705431342124939,0.9957008957862854
50,750,0.02489525079727173,1.5320408344268799,0.7062954902648926,0.8245005011558533,,,,
50,751,0.02857261896133423,1.7646515369415283,0.6854526996612549,1.0777702331542969,,,,
50,752,0.03597384691238403,1.9696019887924194,0.690827488899231,1.2769757509231567,,,,
50,753,0.027250289916992188,1.7955904006958008,0.6841387152671814,1.1100891828536987,,,,
50,754,0.029376953840255737,1.9843432903289795,0.6939594149589539,1.2889150381088257,,,,
50,755,0.029983967542648315,2.2137961387634277,0.6963273882865906,1.5159696340560913,,,,
50,756,0.032253772020339966,2.1474528312683105,0.6919642686843872,1.4538757801055908,,,,
50,757,0.02935314178466797,1.8308545351028442,0.6926695108413696,1.1367173194885254,,,,
50,758,0.025726526975631714,1.7601176500320435,0.6960070133209229,1.0628243684768677,,,,
50,759,0.028919607400894165,1.8352317810058594,0.6945705413818359,1.1392152309417725,,,,
50,760,0.03337088227272034,1.9132195711135864,0.6935965418815613,1.2179545164108276,,,,
50,761,0.028919190168380737,1.7643003463745117,0.7048586010932922,1.0579956769943237,,,,
50,762,0.02174443006515503,1.4809362888336182,0.6933938264846802,0.7864552736282349,,,,
50,763,0.03234422206878662,1.8355494737625122,0.6937795877456665,1.1401526927947998,,,,
50,764,0.008024841547012329,1.4243810176849365,0.6956765651702881,0.7283031344413757,,,,
50,764,,,,,0.03602892532944679,1.6926045417785645,0.7025877237319946,0.9882152676582336
51,765,0.022435665130615234,1.6853070259094238,0.6878696084022522,0.996315598487854,,,,
51,766,0.025775998830795288,1.6261309385299683,0.6950154304504395,0.9298267364501953,,,,
51,767,0.030317097902297974,1.811763048171997,0.6901170611381531,1.1201300621032715,,,,
51,768,0.034826844930648804,2.2554569244384766,0.6892166137695312,1.5644989013671875,,,,
51,769,0.02783176302909851,2.262761354446411,0.6992659568786621,1.5621036291122437,,,,
51,770,0.02449047565460205,1.4834351539611816,0.691267728805542,0.7909429669380188,,,,
51,771,0.02884921431541443,1.6459124088287354,0.6944088339805603,0.9500612020492554,,,,
51,772,0.027340203523635864,1.7117277383804321,0.6837867498397827,1.0265740156173706,,,,
51,773,0.02946111559867859,2.1816177368164062,0.6883757710456848,1.4917689561843872,,,,
51,774,0.026151180267333984,1.7725087404251099,0.6934022307395935,1.077798843383789,,,,
51,775,0.03453829884529114,2.1821181774139404,0.6918857097625732,1.4885056018829346,,,,
51,776,0.03514871001243591,1.92938232421875,0.6910993456840515,1.236525535583496,,,,
51,777,0.026206135749816895,1.682591199874878,0.6972991228103638,0.983981728553772,,,,
51,778,0.02289453148841858,1.4427458047866821,0.6891779899597168,0.752423107624054,,,,
51,779,0.012083977460861206,1.7069573402404785,0.6980224847793579,1.0083307027816772,,,,
51,779,,,,,0.035426486283540726,1.69035005569458,0.7034516930580139,0.9851270318031311
52,780,0.03071272373199463,2.176664113998413,0.6803141832351685,1.494814157485962,,,,
52,781,0.028789132833480835,1.9624589681625366,0.6797507405281067,1.2812687158584595,,,,
52,782,0.024634867906570435,1.6020005941390991,0.6890020370483398,0.9117668271064758,,,,
52,783,0.023425668478012085,1.5132840871810913,0.6928650140762329,0.819247841835022,,,,
52,784,0.024069368839263916,1.4983934164047241,0.6904674768447876,0.8067225813865662,,,,
52,785,0.029145658016204834,1.9106667041778564,0.697321891784668,1.2118874788284302,,,,
52,786,0.02527514100074768,1.6273671388626099,0.6843087077140808,0.9417946338653564,,,,
52,787,0.025854527950286865,1.949770212173462,0.7006740570068359,1.2478034496307373,,,,
52,788,0.03187963366508484,1.9520448446273804,0.6947845220565796,1.2556663751602173,,,,
52,789,0.032394737005233765,2.1469497680664062,0.7019251585006714,1.4434049129486084,,,,
52,790,0.025828689336776733,1.5110039710998535,0.6976761221885681,0.8120364546775818,,,,
52,791,0.026118576526641846,1.708505630493164,0.68797767162323,1.0192220211029053,,,,
52,792,0.02352932095527649,1.4132293462753296,0.7020684480667114,0.7099843621253967,,,,
52,793,0.027321338653564453,1.63593590259552,0.6882483959197998,0.946321427822113,,,,
52,794,0.012886583805084229,1.6798838376998901,0.702284038066864,0.9769554734230042,,,,
52,794,,,,,0.03427165746688843,1.703123927116394,0.7088857889175415,0.9925246834754944
53,795,0.02551087737083435,1.7384835481643677,0.6980032920837402,1.039204716682434,,,,
53,796,0.02203303575515747,1.3631280660629272,0.6996936798095703,0.6623328328132629,,,,
53,797,0.02941983938217163,1.819878101348877,0.68990159034729,1.1285054683685303,,,,
53,798,0.02241465449333191,1.700423240661621,0.7062371373176575,0.9930654168128967,,,,
53,799,0.024109363555908203,1.687225580215454,0.6972366571426392,0.9887834191322327,,,,
53,800,0.031378865242004395,2.0569021701812744,0.7002682685852051,1.3550647497177124,,,,
53,801,0.02354070544242859,1.7219469547271729,0.6889047622680664,1.031865119934082,,,,
53,802,0.025743544101715088,1.471996784210205,0.6994715332984924,0.7712380886077881,,,,
53,803,0.02580222487449646,1.699472188949585,0.6903539896011353,1.0078281164169312,,,,
53,804,0.025214791297912598,1.5781834125518799,0.6801624298095703,0.8967602252960205,,,,
53,805,0.024831563234329224,1.6710175275802612,0.6890845894813538,0.9806913733482361,,,,
53,806,0.02498134970664978,1.635026454925537,0.7006106376647949,0.9331668019294739,,,,
53,807,0.028965801000595093,1.732413649559021,0.7020729780197144,1.0288923978805542,,,,
53,808,0.025728732347488403,1.5441149473190308,0.7009461522102356,0.8418823480606079,,,,
53,809,0.007495999336242676,1.363368034362793,0.6939296722412109,0.6690635681152344,,,,
53,809,,,,,0.0334494449198246,1.6905691623687744,0.6993556022644043,0.9895409941673279
54,810,0.02669420838356018,1.742204189300537,0.6934553980827332,1.0474140644073486,,,,
54,811,0.027194827795028687,1.9266231060028076,0.6998212933540344,1.2254421710968018,,,,
54,812,0.025182753801345825,1.63824462890625,0.6901565194129944,0.9468290209770203,,,,
54,813,0.025693893432617188,1.7171303033828735,0.6867637038230896,1.0290818214416504,,,,
54,814,0.026695966720581055,1.930224061012268,0.6920724511146545,1.2368167638778687,,,,
54,815,0.024164795875549316,1.5610016584396362,0.6942918300628662,0.8655015826225281,,,,
54,816,0.024157851934432983,1.4675294160842896,0.6913278698921204,0.7749936580657959,,,,
54,817,0.028340548276901245,1.7217504978179932,0.6905664205551147,1.0297670364379883,,,,
54,818,0.02999669313430786,2.5527851581573486,0.6968398094177246,1.854445457458496,,,,
54,819,0.02454015612602234,1.8326094150543213,0.6934393644332886,1.1379430294036865,,,,
54,820,0.02604532241821289,1.8764337301254272,0.6882979869842529,1.1868335008621216,,,,
54,821,0.026981443166732788,1.9742988348007202,0.6979916095733643,1.2749581336975098,,,,
54,822,0.024616003036499023,1.696734070777893,0.6943566203117371,1.001146674156189,,,,
54,823,0.023390978574752808,1.8666425943374634,0.6933799386024475,1.1720930337905884,,,,
54,824,0.008064955472946167,1.5152969360351562,0.7087092995643616,0.8061843514442444,,,,
54,824,,,,,0.03084847889840603,1.695772647857666,0.7041923403739929,0.9900379776954651
55,825,0.023849010467529297,1.8286851644515991,0.6894935369491577,1.137999176979065,,,,
55,826,0.02332162857055664,1.816004991531372,0.695862889289856,1.1189759969711304,,,,
55,827,0.020275205373764038,1.7981483936309814,0.6926296353340149,1.104504942893982,,,,
55,828,0.022371649742126465,1.6607164144515991,0.699028730392456,0.9605692028999329,,,,
55,829,0.022539794445037842,2.069674253463745,0.6976045370101929,1.3709427118301392,,,,
55,830,0.022107422351837158,1.5549184083938599,0.6934032440185547,0.8604097962379456,,,,
55,831,0.028274983167648315,2.4423906803131104,0.6901261210441589,1.750850796699524,,,,
55,832,0.01945352554321289,1.913570523262024,0.6881028413772583,1.2244950532913208,,,,
55,833,0.02275523543357849,1.5809147357940674,0.694575309753418,0.8852017521858215,,,,
55,834,0.021595418453216553,1.6358859539031982,0.6973276138305664,0.9374784827232361,,,,
55,835,0.022545158863067627,1.569201946258545,0.6913734674453735,0.876701295375824,,,,
55,836,0.020880669355392456,1.5292404890060425,0.6881781816482544,0.8400182723999023,,,,
55,837,0.02110430598258972,1.6331534385681152,0.6984726190567017,0.9336255788803101,,,,
55,838,0.02792450785636902,2.1881961822509766,0.6938643455505371,1.4929357767105103,,,,
55,839,0.0073559582233428955,1.629590392112732,0.6911584734916687,0.9380642175674438,,,,
55,839,,,,,0.030172264203429222,1.6805448532104492,0.6986969709396362,0.9803392291069031
56,840,0.025324732065200806,1.8462722301483154,0.6904282569885254,1.1545777320861816,,,,
56,841,0.021262168884277344,1.5389103889465332,0.6937689781188965,0.8440783619880676,,,,
56,842,0.021746426820755005,1.5752955675125122,0.6926454901695251,0.8815627098083496,,,,
56,843,0.02492678165435791,1.983821988105774,0.692916750907898,1.2896589040756226,,,,
56,844,0.024570167064666748,2.1103124618530273,0.692841649055481,1.416242241859436,,,,
56,845,0.02262800931930542,1.7212138175964355,0.695868968963623,1.024213433265686,,,,
56,846,0.019817709922790527,1.5429906845092773,0.6946643590927124,0.8473353981971741,,,,
56,847,0.024652570486068726,2.1061830520629883,0.6981184482574463,1.406831979751587,,,,
56,848,0.022139787673950195,1.3127593994140625,0.6965165138244629,0.6151358485221863,,,,
56,849,0.0204925537109375,1.6857465505599976,0.690061092376709,0.9946608543395996,,,,
56,850,0.02126505970954895,1.7445625066757202,0.6948767304420471,1.048622488975525,,,,
56,851,0.019432634115219116,1.4753652811050415,0.6943495869636536,0.7800439596176147,,,,
56,852,0.018049567937850952,1.4381741285324097,0.6954156160354614,0.7418559193611145,,,,
56,853,0.021784305572509766,1.8693629503250122,0.6977121829986572,1.1705615520477295,,,,
56,854,0.008576899766921997,2.0940074920654297,0.6971349120140076,1.3964436054229736,,,,
56,854,,,,,0.029485592618584633,1.678276777267456,0.6916378140449524,0.9851647019386292
57,855,0.02106758952140808,1.4661915302276611,0.695531964302063,0.7696062326431274,,,,
57,856,0.02149045467376709,1.7898757457733154,0.6979172825813293,1.0908839702606201,,,,
57,857,0.02526801824569702,2.259406805038452,0.6974039673805237,1.5607393980026245,,,,
57,858,0.024240612983703613,1.9308185577392578,0.6955196857452393,1.2340868711471558,,,,
57,859,0.022281110286712646,1.5956846475601196,0.6898600459098816,0.9047106504440308,,,,
57,860,0.020111650228500366,1.709812045097351,0.6961232423782349,1.0126832723617554,,,,
57,861,0.02104780077934265,1.515942931175232,0.6905893683433533,0.8243011832237244,,,,
57,862,0.022221416234970093,1.9100213050842285,0.6946019530296326,1.214308261871338,,,,
57,863,0.021319329738616943,1.8589452505111694,0.6950274705886841,1.1628518104553223,,,,
57,864,0.02637740969657898,2.1769039630889893,0.6966985464096069,1.4788864850997925,,,,
57,865,0.024183452129364014,2.26743221282959,0.699048638343811,1.5671741962432861,,,,
57,866,0.020352035760879517,1.9361470937728882,0.6883765459060669,1.2467529773712158,,,,
57,867,0.019790440797805786,1.9413174390792847,0.6923819780349731,1.2479459047317505,,,,
57,868,0.019160985946655273,1.7505741119384766,0.6892656087875366,1.0603504180908203,,,,
57,869,0.007782161235809326,1.7164803743362427,0.6880522966384888,1.0280389785766602,,,,
57,869,,,,,0.028363313525915146,1.6818506717681885,0.6955618858337402,0.9848706126213074
58,870,0.02063623070716858,2.223665237426758,0.6980990171432495,1.5245343446731567,,,,
58,871,0.023060530424118042,2.595536708831787,0.6960592269897461,1.8983246088027954,,,,
58,872,0.01768895983695984,1.6444244384765625,0.6930143237113953,0.95052570104599,,,,
58,873,0.02383449673652649,2.0083606243133545,0.697224497795105,1.3099445104599,,,,
58,874,0.02068150043487549,1.9439767599105835,0.6892802715301514,1.2536624670028687,,,,
58,875,0.024811357259750366,1.890522837638855,0.6994503736495972,1.1898318529129028,,,,
58,876,0.023111045360565186,1.6708849668502808,0.6922651529312134,0.9774643182754517,,,,
58,877,0.022285640239715576,1.9101179838180542,0.697783887386322,1.2112199068069458,,,,
58,878,0.023244887590408325,2.2757883071899414,0.6855832934379578,1.5890427827835083,,,,
58,879,0.022915363311767578,1.803643822669983,0.6889001727104187,1.1135978698730469,,,,
58,880,0.019429147243499756,1.5767672061920166,0.6973358392715454,0.8784599304199219,,,,
58,881,0.020328044891357422,1.7505366802215576,0.6878026127815247,1.0617177486419678,,,,
58,882,0.017284154891967773,1.5505397319793701,0.6954042911529541,0.8542711138725281,,,,
58,883,0.021270781755447388,1.6545346975326538,0.6937737464904785,0.9596973657608032,,,,
58,884,0.007640451192855835,1.462492823600769,0.6907357573509216,0.7713750600814819,,,,
58,884,,,,,0.029011746868491173,1.6822129487991333,0.6965593695640564,0.984203040599823
59,885,0.022326737642288208,1.5894273519515991,0.6980229616165161,0.8902880549430847,,,,
59,886,0.020530402660369873,1.713376522064209,0.6945818662643433,1.017768144607544,,,,
59,887,0.01926174759864807,1.5671240091323853,0.6927878856658936,0.8733729720115662,,,,
59,888,0.021695584058761597,1.6741971969604492,0.6929638385772705,0.9801486134529114,,,,
59,889,0.020321041345596313,1.7272425889968872,0.6906656622886658,1.035560965538025,,,,
59,890,0.02206021547317505,1.6969630718231201,0.6881710290908813,1.0076889991760254,,,,
59,891,0.018705755472183228,1.5854675769805908,0.7003214955329895,0.8842108249664307,,,,
59,892,0.025546908378601074,2.4402318000793457,0.6909909248352051,1.747963547706604,,,,
59,893,0.02408704161643982,1.754465937614441,0.691220760345459,1.0620408058166504,,,,
59,894,0.019593119621276855,1.6050431728363037,0.6986798048019409,0.9053837060928345,,,,
59,895,0.018841564655303955,1.628827691078186,0.6884679794311523,0.9394175410270691,,,,
59,896,0.019486933946609497,1.5411351919174194,0.688474178314209,0.8516867756843567,,,,
59,897,0.021413564682006836,1.6199450492858887,0.6965707540512085,0.9223034977912903,,,,
59,898,0.01708000898361206,1.5114574432373047,0.6923465132713318,0.8182569742202759,,,,
59,899,0.0079384446144104,1.8668360710144043,0.6933248043060303,1.17311429977417,,,,
59,899,,,,,0.02885495126247406,1.669461727142334,0.6900115609169006,0.9780073165893555
60,900,0.016704022884368896,1.4659662246704102,0.6940847635269165,0.7710463404655457,,,,
60,901,0.02030828595161438,1.5310389995574951,0.6927809715270996,0.8372426629066467,,,,
60,902,0.019715607166290283,1.589326024055481,0.6897178292274475,0.898622453212738,,,,
60,903,0.030593782663345337,2.226490020751953,0.692503809928894,1.532456636428833,,,,
60,904,0.024925410747528076,1.7784998416900635,0.6904528141021729,1.0868008136749268,,,,
60,905,0.020625799894332886,1.758852243423462,0.6913770437240601,1.066443920135498,,,,
60,906,0.018964171409606934,1.6040058135986328,0.6906474828720093,0.9124101400375366,,,,
60,907,0.026942074298858643,2.2957053184509277,0.6976422071456909,1.5967161655426025,,,,
60,908,0.023330628871917725,1.6983046531677246,0.6920457482337952,1.0050923824310303,,,,
60,909,0.02062883973121643,1.7549794912338257,0.6957888603210449,1.0581592321395874,,,,
60,910,0.023023009300231934,2.225109577178955,0.694557785987854,1.5294008255004883,,,,
60,911,0.016603082418441772,1.4615821838378906,0.6977852582931519,0.7629668116569519,,,,
60,912,0.02359136939048767,1.6615554094314575,0.6967206001281738,0.9636552929878235,,,,
60,913,0.01940944790840149,1.8003284931182861,0.6904417276382446,1.1089162826538086,,,,
60,914,0.007906526327133179,1.5030138492584229,0.6927480101585388,0.8098704814910889,,,,
60,914,,,,,0.027172792702913284,1.6783926486968994,0.692711353302002,0.9843226671218872
